text,intent
"hey assistant, bye",farewell
just tell me the time,time
open the app,open_app
"hey, tell me the forecast",weather
just how is the weather,weather
search the web for assistant,search_web
"hey assistant, open up",open_app
can you wake me up,set_alarm
"hey, new alarm",set_alarm
would you mind if you yo at 7 am,greeting
"hey assistant, see ya on youtube",farewell
can you how is the weather,weather
"hey assistant, is it sunny friend",weather
"hey assistant, farewell",farewell
"ok, create a timer",set_alarm
"hey, play a song quickly",play_music
would you mind if you is it raining outside,weather
"ok, make me laugh please",joke
is it sunny at 7 am,weather
please play a song on spotify,play_music
would you mind if you how is the weather,weather
"hey assistant, find information about",search_web
"hey assistant, crack a joke for 10 minutes",joke
please open up for me,open_app
can you tell me something funny tomorrow,joke
i need you to do you know the time at 7 am,time
just show me,open_app
say a joke tomorrow,joke
"hey assistant, say a joke on spotify",joke
i need you to talk to you soon,farewell
"hey assistant, yo assistant",greeting
"hey assistant, tell me a joke right now",joke
"ok, is it raining outside quickly",weather
"hey, tell me a joke",joke
"ok, hi there in london",greeting
please what's the weather like today,weather
would you mind if you peace out quickly,farewell
would you mind if you do you know the time assistant,time
"hey, resume playback",play_music
please tell me the forecast at 7 am,weather
just timer for,set_alarm
can you is it raining outside,weather
"hey, make me laugh",joke
peace out,farewell
"ok, top of the morning",greeting
would you mind if you do i need an umbrella,weather
please time check for 10 minutes,time
can you what's the weather like on youtube,weather
would you mind if you boot up please,open_app
i need you to bye tomorrow,farewell
please is it raining outside for me,weather
"hey assistant, start",open_app
just have a good one,farewell
say a joke friend,joke
would you mind if you what's the clock say,time
could you open the app,open_app
would you mind if you go to,open_app
would you mind if you i need a laugh,joke
start playing music quickly,play_music
"ok, yo",greeting
just can you google,search_web
could you tell me a joke,joke
please gotta go,farewell
"hey, tell me the forecast",weather
"hey, farewell on spotify",farewell
"ok, start playing music",play_music
"hey assistant, start",open_app
would you mind if you bye tomorrow,farewell
please see ya for me,farewell
please wake me up,set_alarm
just time check right now,time
just hi,greeting
"hey assistant, see you later",farewell
just peace out,farewell
"ok, start playing music",play_music
would you mind if you resume playback,play_music
i need you to hi there please,greeting
could you good afternoon in new york,greeting
just time check quickly,time
can you hi there for me,greeting
"ok, tell me a joke for me",joke
start,open_app
please good afternoon tomorrow,greeting
"hey, add an alarm friend",set_alarm
i need you to do you know the time,time
please add an alarm,set_alarm
farewell friend,farewell
would you mind if you is it sunny,weather
is it raining outside at 7 am,weather
can you remind me in new york,set_alarm
just add an alarm,set_alarm
"hey assistant, hi there",greeting
can you play some music on youtube,play_music
"hey, add an alarm tomorrow",set_alarm
"hey assistant, can you open",open_app
just open the app quickly,open_app
i need you to do i need an umbrella,weather
can you new alarm in london,set_alarm
i need you to do you know any jokes,joke
could you resume playback,play_music
"hey, start at 7 am",open_app
say a joke,joke
"hey, what is the temperature on spotify",weather
would you mind if you what is right now,search_web
can you find information about,search_web
please wake me up friend,set_alarm
is it raining outside,weather
would you mind if you look up,search_web
i need you to how is the weather,weather
is it raining outside tomorrow,weather
could you can you open right now,open_app
just search for,search_web
could you have a good one right now,farewell
"ok, crack a joke about dogs",joke
just tell me something funny,joke
would you mind if you time check,time
"hey assistant, is it sunny right now",weather
"hey assistant, google",search_web
"hey assistant, start playing music",play_music
could you tell me a joke,joke
please start,open_app
just open up,open_app
i need you to good morning,greeting
"hey, top of the morning",greeting
"hey assistant, good afternoon for 10 minutes",greeting
just i need a laugh friend,joke
"hey assistant, google",search_web
"ok, how are you at 7 am",greeting
could you time check quickly,time
"hey, how are you now",greeting
i need you to gotta go,farewell
find information about,search_web
would you mind if you set a timer,set_alarm
i need you to go to,open_app
have a good one please,farewell
can you set a timer please,set_alarm
please good morning for me,greeting
would you mind if you is it raining outside buddy,weather
"ok, search the web for",search_web
"hey assistant, see you later",farewell
"hey, good evening at 7 am",greeting
can you can you open friend,open_app
"hey assistant, peace out tomorrow",farewell
just good afternoon,greeting
just wake me up now,set_alarm
can you show me,open_app
could you timer for,set_alarm
"hey assistant, i need a laugh quickly",joke
i need you to what is in new york,search_web
can you set a timer,set_alarm
would you mind if you google at 7 am,search_web
would you mind if you set an alarm assistant,set_alarm
"ok, google on spotify",search_web
just put on a playlist,play_music
please what's the weather like about space,weather
please say a joke about space,joke
can you search for,search_web
"hey assistant, can you open on youtube",open_app
just can you google,search_web
"ok, do you know any jokes in new york",joke
please put on a playlist,play_music
can you do i need an umbrella assistant,weather
would you mind if you is it raining outside,weather
"hey assistant, crack a joke buddy",joke
"ok, start playing music",play_music
just yo,greeting
just hello,greeting
can you time check in london,time
would you mind if you what is,search_web
would you mind if you good evening,greeting
would you mind if you farewell,farewell
could you hey in london,greeting
can you catch you later for 10 minutes,farewell
just is it sunny,weather
"hey, search the web for in london",search_web
can you greetings buddy,greeting
can you do i need an umbrella,weather
could you tell me the time,time
"hey assistant, what is",search_web
would you mind if you put on a playlist,play_music
"hey, do i need an umbrella buddy",weather
just launch,open_app
could you what is the time,time
"hey, what is the time in london",time
would you mind if you look up at 7 am,search_web
just resume playback,play_music
bye bye on spotify,farewell
can you play some music,play_music
"hey assistant, hiya assistant",greeting
would you mind if you can you google assistant,search_web
can you show me,open_app
"ok, open up assistant",open_app
would you mind if you add an alarm,set_alarm
would you mind if you open the app,open_app
can you shuffle my songs at 7 am,play_music
say a joke quickly,joke
who is,search_web
would you mind if you timer for buddy,set_alarm
could you resume playback about dogs,play_music
look up friend,search_web
just what is the time,time
please launch tomorrow,open_app
could you look up,search_web
"hey assistant, resume playback",play_music
please what is,search_web
please what's the clock say right now,time
"hey assistant, tell me the time for 10 minutes",time
remind me,set_alarm
could you music please,play_music
"ok, tell me about quickly",search_web
"ok, show me friend",open_app
i need you to can you open,open_app
i need you to who is for me,search_web
could you search for on spotify,search_web
can you have a good one about dogs,farewell
could you yo,greeting
would you mind if you tell me the time in new york,time
can you add an alarm quickly,set_alarm
would you mind if you open up please,open_app
"hey assistant, catch you later today",farewell
can you launch,open_app
play some music,play_music
"ok, good evening",greeting
just current time please,time
could you do you know the time,time
would you mind if you can you open for me,open_app
"hey assistant, what is the temperature",weather
would you mind if you hiya quickly,greeting
would you mind if you tell me the time in london,time
would you mind if you go to buddy,open_app
can you show me,open_app
"hey assistant, remind me",set_alarm
go to please,open_app
please search the web for on youtube,search_web
please how is the weather for me,weather
gotta go,farewell
"hey, search for",search_web
"hey assistant, tell me the time",time
please start,open_app
just do you know any jokes in new york,joke
would you mind if you what is the time in london,time
would you mind if you wake me up for me,set_alarm
i need you to is it sunny quickly,weather
i need you to wake me up,set_alarm
would you mind if you tell me a joke,joke
"ok, play some tunes",play_music
what is the temperature quickly,weather
can you set a timer about dogs,set_alarm
can you play some tunes,play_music
would you mind if you good evening,greeting
could you tell me the forecast,weather
"hey, add an alarm for me",set_alarm
would you mind if you launch in new york,open_app
"ok, yo",greeting
"ok, google",search_web
new alarm,set_alarm
would you mind if you what's the weather like,weather
"hey, how is the weather please",weather
could you set a timer buddy,set_alarm
please see ya friend,farewell
"hey, create a timer",set_alarm
just do you know the time,time
tell me the time,time
"hey, set a timer",set_alarm
what is the time,time
can you launch,open_app
would you mind if you wake me up please,set_alarm
would you mind if you do you know any jokes now,joke
i need you to what's up,greeting
would you mind if you have a good one,farewell
"hey, i'm leaving",farewell
"hey, what is the time quickly",time
"hey, add an alarm about dogs",set_alarm
i need you to crack a joke,joke
just gotta go buddy,farewell
please show me,open_app
i need you to who is on spotify,search_web
"hey assistant, open up",open_app
can you time check,time
i need you to goodbye,farewell
just create a timer,set_alarm
"ok, crack a joke for 10 minutes",joke
add an alarm in london,set_alarm
"hey, wake me up for me",set_alarm
can you google,search_web
can you do you know any jokes friend,joke
"hey, open the app in new york",open_app
"hey assistant, hey in london",greeting
new alarm,set_alarm
can you what's the clock say,time
just hi there,greeting
"ok, show me",open_app
"hey, shuffle my songs please",play_music
"hey, do you know the time",time
would you mind if you talk to you soon about space,farewell
"hey assistant, who is",search_web
"ok, tell me a joke",joke
just music please please,play_music
"hey, what is the temperature",weather
please do i need an umbrella in new york,weather
can you shuffle my songs,play_music
could you start,open_app
just tell me the forecast on youtube,weather
farewell,farewell
"ok, look up at 7 am",search_web
can you go to,open_app
"hey, create a timer",set_alarm
i need you to wake me up friend,set_alarm
just boot up,open_app
please shuffle my songs,play_music
just tell me the time right now,time
"ok, make me laugh",joke
can you current time please,time
"hey, is it raining outside",weather
would you mind if you see you later,farewell
"ok, tell me about",search_web
would you mind if you have a good one in new york,farewell
just good afternoon,greeting
what is,search_web
can you play a song right now,play_music
"hey, show me please",open_app
"ok, google right now",search_web
would you mind if you what time is it,time
just wake me up please,set_alarm
would you mind if you how is the weather right now,weather
could you crack a joke,joke
i need you to play some tunes please,play_music
"ok, wake me up",set_alarm
"hey assistant, go to for me",open_app
"hey, wake me up on youtube",set_alarm
could you play some tunes today,play_music
i need you to resume playback on spotify,play_music
i need you to tell me the time now,time
could you remind me on spotify,set_alarm
please google for me,search_web
can you talk to you soon quickly,farewell
"ok, tell me a joke for me",joke
could you start,open_app
time check,time
"hey, what is the temperature",weather
just google,search_web
"ok, google about dogs",search_web
i need you to search the web for for 10 minutes,search_web
"hey, current time please",time
would you mind if you play some music quickly,play_music
just peace out in london,farewell
"hey assistant, see you later",farewell
i need you to make me laugh,joke
would you mind if you is it sunny now,weather
i need you to open the app friend,open_app
"ok, launch",open_app
"ok, wake me up for me",set_alarm
would you mind if you good evening for me,greeting
"hey, what is",search_web
"hey assistant, bye",farewell
can you what's the clock say friend,time
play a song,play_music
can you look up about space,search_web
just tell me a joke for me,joke
play some tunes friend,play_music
can you start on youtube,open_app
just see ya right now,farewell
i need you to tell me a joke please,joke
"hey assistant, open up on youtube",open_app
please i'm leaving tomorrow,farewell
create a timer,set_alarm
would you mind if you create a timer about space,set_alarm
can you do you know the time about dogs,time
please good evening,greeting
"ok, what's the weather like right now",weather
"hey assistant, show me",open_app
"ok, do i need an umbrella please",weather
can you remind me for 10 minutes,set_alarm
i need you to show me,open_app
would you mind if you time check,time
can you do you know any jokes today,joke
just start,open_app
"ok, goodbye in london",farewell
could you who is on youtube,search_web
"ok, search for for 10 minutes",search_web
can you play some music at 7 am,play_music
create a timer,set_alarm
could you search for,search_web
i need you to new alarm please,set_alarm
"ok, time check",time
could you bye bye at 7 am,farewell
please remind me now,set_alarm
just time check,time
"hey assistant, tell me a joke about dogs",joke
"hey assistant, tell me the forecast about space",weather
could you what's the weather like about dogs,weather
can you time check on spotify,time
just wake me up in london,set_alarm
"ok, do you know the time tomorrow",time
could you is it sunny,weather
"ok, search for on youtube",search_web
could you can you google today,search_web
i need you to talk to you soon about space,farewell
i need you to tell me something funny today,joke
can you could you tell me the time,time
could you do you know any jokes quickly,joke
i need you to do you know the time please,time
could you see ya,farewell
please could you tell me the time,time
can you do you know any jokes,joke
could you do you know any jokes quickly,joke
could you see ya for me,farewell
"hey, could you tell me the time",time
hi there in new york,greeting
"hey, is it sunny",weather
just what's up,greeting
please music please at 7 am,play_music
can you music please assistant,play_music
would you mind if you who is,search_web
"ok, create a timer on spotify",set_alarm
could you add an alarm right now,set_alarm
"ok, tell me a joke",joke
would you mind if you talk to you soon,farewell
"hey assistant, bye for 10 minutes",farewell
could you is it sunny on spotify,weather
could you is it sunny,weather
would you mind if you tell me something funny about space,joke
i need you to hi there friend,greeting
"ok, tell me the forecast",weather
"hey, music please about space",play_music
resume playback for 10 minutes,play_music
"ok, what is the time on youtube",time
how are you buddy,greeting
can you remind me,set_alarm
"hey assistant, can you google tomorrow",search_web
i need you to tell me the time,time
could you new alarm,set_alarm
just tell me something funny,joke
"ok, hey right now",greeting
"hey, find information about for me",search_web
could you new alarm,set_alarm
just shuffle my songs quickly,play_music
would you mind if you search the web for on youtube,search_web
i need you to wake me up now,set_alarm
"hey, search the web for please",search_web
just find information about at 7 am,search_web
current time please tomorrow,time
would you mind if you what's the weather like,weather
please what's the clock say,time
could you search for quickly,search_web
just timer for,set_alarm
just time check,time
"hey, remind me",set_alarm
just do i need an umbrella,weather
please put on a playlist about space,play_music
"ok, timer for in new york",set_alarm
"hey, play a song at 7 am",play_music
could you open up,open_app
"ok, play a song in new york",play_music
please google in new york,search_web
"hey assistant, i need a laugh",joke
is it raining outside right now,weather
please how is the weather,weather
would you mind if you open up,open_app
just what time is it assistant,time
would you mind if you show me in london,open_app
remind me today,set_alarm
tell me the forecast assistant,weather
start at 7 am,open_app
"hey assistant, find information about now",search_web
"ok, play a song",play_music
would you mind if you crack a joke for me,joke
"hey assistant, tell me something funny",joke
could you i'm leaving in new york,farewell
"ok, what time is it buddy",time
i need you to what's the clock say today,time
could you launch about space,open_app
set a timer,set_alarm
"hey assistant, what is the temperature in london",weather
"ok, good evening please",greeting
"hey assistant, have a good one",farewell
"hey assistant, i need a laugh in london",joke
please set a timer about space,set_alarm
"hey, time check",time
just tell me something funny buddy,joke
"hey, how is the weather today",weather
just tell me something funny today,joke
just bye buddy,farewell
could you make me laugh,joke
can you tell me something funny about space,joke
would you mind if you see ya about dogs,farewell
would you mind if you what's the clock say quickly,time
search the web for,search_web
please yo please,greeting
can you open up please,open_app
have a good one,farewell
i need you to do you know the time,time
i need you to show me,open_app
"ok, make me laugh",joke
just tell me something funny,joke
is it sunny in london,weather
i need you to can you google friend,search_web
"ok, what is the temperature",weather
can you how is the weather,weather
please open the app,open_app
bye bye,farewell
good morning,greeting
please tell me the forecast please,weather
please what is the time on spotify,time
"hey assistant, set a timer right now",set_alarm
"hey assistant, what is the temperature",weather
could you crack a joke for 10 minutes,joke
tell me something funny at 7 am,joke
i need you to do you know any jokes,joke
could you play some tunes about space,play_music
please is it sunny,weather
time check for 10 minutes,time
could you crack a joke,joke
"ok, start playing music about dogs",play_music
just wake me up buddy,set_alarm
i need you to good evening please,greeting
"hey, catch you later quickly",farewell
please what is the temperature on spotify,weather
please play some music tomorrow,play_music
"hey, google at 7 am",search_web
"ok, tell me the forecast at 7 am",weather
"ok, can you google",search_web
would you mind if you timer for,set_alarm
please tell me about,search_web
"hey, open the app for me",open_app
just good evening for 10 minutes,greeting
please i want to listen to music,play_music
would you mind if you can you open on spotify,open_app
would you mind if you music please,play_music
could you create a timer about space,set_alarm
just what time is it,time
gotta go for 10 minutes,farewell
can you current time please now,time
would you mind if you tell me the forecast,weather
what is,search_web
tell me something funny,joke
"hey assistant, resume playback",play_music
can you start right now,open_app
please current time please in new york,time
i need you to remind me,set_alarm
"hey, show me",open_app
can you do i need an umbrella please,weather
i need you to farewell,farewell
search for today,search_web
"ok, who is tomorrow",search_web
please tell me a joke,joke
search the web for in new york,search_web
crack a joke,joke
please set an alarm at 7 am,set_alarm
could you talk to you soon at 7 am,farewell
i need you to do you know any jokes for me,joke
"ok, see ya",farewell
can you can you open,open_app
open up about dogs,open_app
"ok, google at 7 am",search_web
"hey, start today",open_app
can you start playing music,play_music
could you what's the clock say on spotify,time
can you wake me up,set_alarm
"ok, music please tomorrow",play_music
could you tell me the time,time
just crack a joke,joke
"ok, hi there on spotify",greeting
"hey assistant, open the app",open_app
just peace out friend,farewell
i need you to make me laugh,joke
"hey assistant, put on a playlist",play_music
i need you to see you later,farewell
can you music please,play_music
would you mind if you how is the weather buddy,weather
could you look up,search_web
"hey, open up",open_app
"ok, timer for",set_alarm
"ok, what is the time buddy",time
could you tell me about on spotify,search_web
"hey, music please on spotify",play_music
i need you to go to,open_app
just tell me the forecast,weather
would you mind if you tell me a joke buddy,joke
can you search the web for for 10 minutes,search_web
"hey assistant, find information about",search_web
i need you to what's the clock say,time
just who is for 10 minutes,search_web
"ok, tell me a joke quickly",joke
please goodbye on youtube,farewell
"hey, what time is it at 7 am",time
can you add an alarm,set_alarm
just start playing music quickly,play_music
"ok, what is the temperature",weather
"ok, make me laugh about space",joke
i need you to talk to you soon today,farewell
could you peace out,farewell
please timer for on youtube,set_alarm
would you mind if you look up about dogs,search_web
"hey assistant, wake me up",set_alarm
"ok, bye assistant",farewell
could you tell me the forecast on spotify,weather
would you mind if you tell me something funny,joke
could you start for 10 minutes,open_app
"hey, open the app about dogs",open_app
boot up buddy,open_app
"hey, play a song",play_music
"ok, make me laugh",joke
"hey assistant, look up about space",search_web
"ok, i need a laugh at 7 am",joke
"ok, i'm leaving assistant",farewell
could you play a song,play_music
can you do i need an umbrella,weather
i need you to what's the clock say at 7 am,time
would you mind if you start assistant,open_app
would you mind if you make me laugh,joke
would you mind if you could you tell me the time on youtube,time
could you what's up,greeting
i need you to show me for 10 minutes,open_app
could you what is,search_web
please hiya,greeting
just start playing music,play_music
just what is tomorrow,search_web
"ok, resume playback please",play_music
please can you google tomorrow,search_web
do i need an umbrella,weather
would you mind if you wake me up tomorrow,set_alarm
"hey, is it raining outside for 10 minutes",weather
please do you know the time please,time
"hey, remind me on spotify",set_alarm
"hey, put on a playlist",play_music
can you i need a laugh,joke
"hey assistant, open the app for me",open_app
could you current time please friend,time
could you show me in new york,open_app
would you mind if you boot up,open_app
just farewell on youtube,farewell
"ok, what is today",search_web
can you tell me about at 7 am,search_web
please what is the temperature,weather
"ok, remind me for me",set_alarm
tell me about,search_web
can you search for assistant,search_web
what is for 10 minutes,search_web
could you how is the weather in london,weather
can you what is the time in new york,time
could you i'm leaving,farewell
i need you to start playing music tomorrow,play_music
would you mind if you good morning,greeting
would you mind if you tell me the forecast,weather
i need you to wake me up about space,set_alarm
i need you to catch you later,farewell
"ok, goodbye",farewell
i need you to i want to listen to music for me,play_music
just tell me the time assistant,time
please tell me about for me,search_web
please show me,open_app
can you see you later at 7 am,farewell
"ok, add an alarm friend",set_alarm
please play a song in london,play_music
"hey assistant, top of the morning",greeting
i need you to make me laugh,joke
please hiya,greeting
would you mind if you catch you later today,farewell
"ok, tell me a joke for me",joke
"ok, boot up assistant",open_app
look up now,search_web
start playing music at 7 am,play_music
just do you know any jokes for 10 minutes,joke
just launch for me,open_app
"hey assistant, play a song",play_music
could you is it sunny at 7 am,weather
i need you to talk to you soon friend,farewell
can you good morning tomorrow,greeting
"hey assistant, search for assistant",search_web
could you bye assistant,farewell
just tell me about in new york,search_web
could you could you tell me the time in new york,time
"ok, bye in new york",farewell
"hey assistant, tell me a joke today",joke
just what is,search_web
"ok, find information about",search_web
can you bye bye,farewell
tell me a joke now,joke
would you mind if you what's the weather like,weather
do you know the time for 10 minutes,time
please do i need an umbrella,weather
can you remind me tomorrow,set_alarm
i need a laugh,joke
i need you to tell me a joke,joke
"hey assistant, search the web for",search_web
tell me something funny,joke
"hey, put on a playlist",play_music
please timer for quickly,set_alarm
is it raining outside now,weather
"ok, tell me the forecast now",weather
i need you to set an alarm in london,set_alarm
just catch you later for 10 minutes,farewell
could you search for today,search_web
just good morning,greeting
can you timer for right now,set_alarm
can you what's the clock say please,time
please start,open_app
"ok, add an alarm",set_alarm
can you start playing music for me,play_music
can you see you later,farewell
i need you to tell me about,search_web
would you mind if you set a timer,set_alarm
can you play a song,play_music
please play some music on spotify,play_music
please tell me the time at 7 am,time
"hey assistant, tell me a joke",joke
i need you to what time is it quickly,time
can you make me laugh,joke
tell me the time,time
please is it raining outside on youtube,weather
"hey, bye bye",farewell
can you bye,farewell
can you find information about on spotify,search_web
would you mind if you bye,farewell
would you mind if you boot up,open_app
"ok, start",open_app
"hey assistant, what is the time",time
"hey, what time is it friend",time
i need you to music please about space,play_music
"hey assistant, hi there",greeting
just can you open,open_app
say a joke on youtube,joke
would you mind if you can you google,search_web
i need you to do you know any jokes,joke
"hey, good afternoon",greeting
would you mind if you play some music friend,play_music
please tell me the time in new york,time
say a joke friend,joke
could you open up,open_app
"hey, new alarm",set_alarm
"hey, create a timer about space",set_alarm
could you do you know any jokes,joke
please bye now,farewell
tell me something funny,joke
could you is it sunny,weather
could you tell me the time,time
just tell me the time today,time
"hey, add an alarm",set_alarm
could you shuffle my songs for 10 minutes,play_music
could you tell me about quickly,search_web
"hey, set a timer at 7 am",set_alarm
could you put on a playlist,play_music
"hey, yo",greeting
"hey, hey",greeting
"hey, how is the weather",weather
"ok, find information about friend",search_web
could you new alarm today,set_alarm
timer for,set_alarm
can you how is the weather,weather
peace out,farewell
could you who is about space,search_web
just open up,open_app
could you google,search_web
good evening,greeting
"ok, goodbye",farewell
can you start today,open_app
timer for,set_alarm
could you what's the clock say,time
please set a timer,set_alarm
just i need a laugh,joke
please put on a playlist,play_music
could you show me,open_app
can you how are you,greeting
can you google,search_web
can you what is the time,time
i need you to talk to you soon,farewell
just play a song,play_music
"ok, add an alarm",set_alarm
would you mind if you good evening,greeting
"hey assistant, is it sunny for me",weather
"ok, goodbye for 10 minutes",farewell
tell me the forecast right now,weather
"hey, show me about space",open_app
i need you to play a song please,play_music
just crack a joke for me,joke
could you have a good one assistant,farewell
please is it sunny,weather
i need you to launch,open_app
"ok, what is the time today",time
just farewell,farewell
just remind me,set_alarm
"hey, hiya for 10 minutes",greeting
could you farewell,farewell
"hey, goodbye in london",farewell
i need you to do you know any jokes,joke
what is,search_web
"hey, start at 7 am",open_app
"ok, how are you please",greeting
"ok, search the web for",search_web
"hey assistant, put on a playlist tomorrow",play_music
"hey assistant, is it raining outside about dogs",weather
i need you to remind me today,set_alarm
please what is the temperature for 10 minutes,weather
"ok, can you google right now",search_web
"hey assistant, tell me the time at 7 am",time
could you what time is it,time
is it sunny,weather
"ok, search for in new york",search_web
just timer for,set_alarm
gotta go,farewell
could you what is about space,search_web
"ok, do you know any jokes",joke
"hey assistant, play a song",play_music
"hey, hey buddy",greeting
please how is the weather in new york,weather
open the app,open_app
"hey, do you know the time friend",time
"hey assistant, put on a playlist",play_music
would you mind if you open up,open_app
just search the web for at 7 am,search_web
just bye on youtube,farewell
"hey, i need a laugh in london",joke
can you have a good one,farewell
"hey assistant, shuffle my songs",play_music
could you start playing music friend,play_music
"hey, hiya",greeting
create a timer in london,set_alarm
i need you to play some tunes,play_music
"hey, greetings on spotify",greeting
just how is the weather about space,weather
could you remind me quickly,set_alarm
can you what is the time,time
could you resume playback on spotify,play_music
"ok, catch you later",farewell
"ok, play some tunes",play_music
can you music please,play_music
please have a good one at 7 am,farewell
i need you to do you know any jokes,joke
please do you know the time,time
"ok, find information about assistant",search_web
"ok, have a good one assistant",farewell
set an alarm,set_alarm
could you is it sunny assistant,weather
could you look up for 10 minutes,search_web
would you mind if you boot up,open_app
please howdy now,greeting
set a timer friend,set_alarm
"ok, how is the weather",weather
just farewell assistant,farewell
"hey assistant, bye about dogs",farewell
just crack a joke,joke
would you mind if you could you tell me the time,time
i need you to is it raining outside,weather
could you how is the weather,weather
just greetings,greeting
i need you to set an alarm in new york,set_alarm
crack a joke please,joke
gotta go,farewell
would you mind if you farewell,farewell
would you mind if you do you know any jokes buddy,joke
i need you to good evening right now,greeting
i need you to i want to listen to music tomorrow,play_music
"hey, i need a laugh",joke
would you mind if you goodbye,farewell
"hey assistant, is it sunny buddy",weather
"hey assistant, add an alarm",set_alarm
please tell me something funny about space,joke
set a timer,set_alarm
"hey, goodbye for me",farewell
can you see ya tomorrow,farewell
would you mind if you start playing music in london,play_music
music please,play_music
"hey assistant, what time is it",time
can you add an alarm,set_alarm
could you hello assistant,greeting
would you mind if you new alarm in new york,set_alarm
"ok, i'm leaving",farewell
would you mind if you boot up,open_app
i need you to show me assistant,open_app
see you later assistant,farewell
"hey, farewell",farewell
"hey, find information about",search_web
could you set an alarm,set_alarm
i need you to look up,search_web
"ok, talk to you soon",farewell
"hey, say a joke friend",joke
i need you to wake me up friend,set_alarm
i need you to tell me about,search_web
crack a joke,joke
would you mind if you time check today,time
please tell me about,search_web
just play some music,play_music
please boot up,open_app
can you what is about dogs,search_web
would you mind if you wake me up now,set_alarm
i need you to farewell,farewell
can you tell me a joke in london,joke
please crack a joke about dogs,joke
new alarm about dogs,set_alarm
"ok, timer for tomorrow",set_alarm
please gotta go,farewell
just remind me tomorrow,set_alarm
would you mind if you hey,greeting
"hey assistant, launch buddy",open_app
please farewell,farewell
"ok, how is the weather",weather
"hey, open the app",open_app
"hey, what is for me",search_web
just search for quickly,search_web
just show me assistant,open_app
can you do you know the time,time
i need you to add an alarm friend,set_alarm
"ok, play some tunes about dogs",play_music
i need you to do you know the time right now,time
"ok, resume playback quickly",play_music
please is it raining outside in london,weather
could you create a timer on spotify,set_alarm
just i'm leaving,farewell
i need you to go to right now,open_app
i need you to bye,farewell
"hey assistant, good morning assistant",greeting
could you put on a playlist in london,play_music
just is it sunny,weather
"hey, look up quickly",search_web
just how is the weather,weather
"hey assistant, say a joke please",joke
i need you to boot up on spotify,open_app
tell me a joke buddy,joke
"ok, google quickly",search_web
please is it sunny,weather
could you tell me the time right now,time
farewell,farewell
could you do you know any jokes,joke
"ok, play some music",play_music
could you what time is it please,time
"hey, music please today",play_music
could you set a timer right now,set_alarm
just what's the clock say today,time
please set a timer on spotify,set_alarm
please remind me right now,set_alarm
can you google,search_web
please timer for friend,set_alarm
"ok, hi",greeting
"hey assistant, farewell in london",farewell
"ok, howdy right now",greeting
what is,search_web
just do i need an umbrella,weather
just see you later today,farewell
please how is the weather for 10 minutes,weather
just catch you later for 10 minutes,farewell
could you peace out,farewell
can you set an alarm,set_alarm
just what is the time,time
i need you to do i need an umbrella,weather
"ok, boot up",open_app
see ya today,farewell
can you yo,greeting
"hey assistant, tell me a joke in london",joke
would you mind if you talk to you soon,farewell
could you what's up for me,greeting
could you go to,open_app
just set an alarm for me,set_alarm
bye at 7 am,farewell
can you crack a joke,joke
i need you to set a timer right now,set_alarm
could you do you know the time,time
can you start playing music,play_music
just top of the morning,greeting
"hey assistant, tell me a joke in new york",joke
"hey, catch you later",farewell
could you new alarm friend,set_alarm
"hey, talk to you soon",farewell
would you mind if you do i need an umbrella,weather
"hey, i want to listen to music on spotify",play_music
start,open_app
i need you to how is the weather,weather
"ok, create a timer about dogs",set_alarm
"hey assistant, tell me about",search_web
"hey, see you later",farewell
just i want to listen to music,play_music
can you peace out right now,farewell
"hey, top of the morning buddy",greeting
"hey assistant, howdy quickly",greeting
"ok, find information about",search_web
would you mind if you i want to listen to music today,play_music
just open up,open_app
"hey, is it sunny right now",weather
could you time check,time
"ok, time check",time
can you google,search_web
please what's the weather like on youtube,weather
would you mind if you show me please,open_app
just wake me up in new york,set_alarm
"hey, resume playback",play_music
"hey, open up today",open_app
i need you to do you know any jokes friend,joke
"ok, tell me something funny on youtube",joke
"hey, what is",search_web
could you time check,time
"hey assistant, i need a laugh",joke
"ok, do you know the time tomorrow",time
"ok, what is the temperature about space",weather
please what is for 10 minutes,search_web
good morning,greeting
just do you know the time,time
could you what time is it,time
"hey, what's the clock say now",time
please play a song,play_music
could you what is,search_web
"hey, start assistant",open_app
could you do you know any jokes on spotify,joke
please look up,search_web
tell me the time,time
i need you to i need a laugh tomorrow,joke
"hey, time check quickly",time
can you say a joke,joke
i need you to what time is it on youtube,time
just yo,greeting
"ok, who is tomorrow",search_web
"hey assistant, start",open_app
can you is it sunny,weather
"hey assistant, tell me something funny",joke
just greetings,greeting
please how are you on spotify,greeting
can you open up,open_app
just put on a playlist,play_music
i need you to remind me for 10 minutes,set_alarm
just say a joke,joke
"hey assistant, timer for on youtube",set_alarm
can you start about dogs,open_app
please tell me the time on spotify,time
crack a joke,joke
can you hiya about space,greeting
can you launch,open_app
"hey, wake me up",set_alarm
"hey, boot up in london",open_app
could you hiya about dogs,greeting
just good morning,greeting
"hey, hiya friend",greeting
"ok, what time is it",time
can you hey at 7 am,greeting
i need you to add an alarm right now,set_alarm
can you yo quickly,greeting
"hey, resume playback",play_music
"hey, start playing music about dogs",play_music
"hey assistant, open the app",open_app
just tell me a joke,joke
can you shuffle my songs in new york,play_music
"hey, say a joke",joke
"hey, who is",search_web
"ok, is it sunny about dogs",weather
would you mind if you search for,search_web
please farewell friend,farewell
"ok, add an alarm now",set_alarm
"hey assistant, start playing music",play_music
just wake me up about space,set_alarm
please new alarm in new york,set_alarm
would you mind if you current time please friend,time
"hey assistant, is it sunny",weather
please is it sunny on youtube,weather
can you tell me the time about space,time
just hiya about space,greeting
would you mind if you new alarm in new york,set_alarm
just find information about,search_web
"hey, is it sunny",weather
i need you to say a joke,joke
just tell me a joke,joke
can you time check about dogs,time
set an alarm at 7 am,set_alarm
"ok, i'm leaving in new york",farewell
please what is the time,time
could you new alarm,set_alarm
"ok, what is the temperature",weather
would you mind if you go to,open_app
can you current time please friend,time
i need you to tell me something funny,joke
time check,time
just find information about on spotify,search_web
"hey assistant, search the web for please",search_web
could you launch,open_app
can you music please,play_music
"ok, remind me",set_alarm
"hey assistant, say a joke",joke
"ok, launch buddy",open_app
"hey assistant, make me laugh",joke
would you mind if you tell me something funny at 7 am,joke
could you music please on spotify,play_music
can you boot up,open_app
"ok, set a timer",set_alarm
"hey, put on a playlist in new york",play_music
"hey, tell me about about dogs",search_web
could you start for me,open_app
"hey assistant, how is the weather today",weather
i need you to is it raining outside,weather
just have a good one,farewell
can you launch,open_app
i need you to tell me the time,time
"hey assistant, how is the weather",weather
just do you know the time now,time
"ok, hi on spotify",greeting
just what is quickly,search_web
just find information about,search_web
just who is quickly,search_web
would you mind if you shuffle my songs today,play_music
"ok, search the web for",search_web
what is the time,time
"hey assistant, could you tell me the time",time
would you mind if you yo about space,greeting
i need you to play some music friend,play_music
"ok, howdy",greeting
i need you to tell me something funny,joke
please boot up,open_app
just can you open in new york,open_app
"hey assistant, resume playback",play_music
could you see you later,farewell
"hey assistant, what is about space",search_web
do i need an umbrella,weather
could you tell me a joke in london,joke
would you mind if you i want to listen to music friend,play_music
see you later,farewell
"hey assistant, add an alarm about space",set_alarm
timer for,set_alarm
"hey assistant, what time is it today",time
could you tell me something funny,joke
play some tunes,play_music
would you mind if you what is the temperature,weather
would you mind if you good morning tomorrow,greeting
please i need a laugh,joke
could you shuffle my songs please,play_music
can you crack a joke,joke
"ok, start playing music buddy",play_music
i need you to catch you later,farewell
"hey, what is the time",time
what's the weather like about space,weather
can you could you tell me the time,time
"hey, look up",search_web
"ok, hello quickly",greeting
would you mind if you see you later,farewell
"ok, say a joke about dogs",joke
i need you to what's the weather like,weather
what is the time,time
"hey assistant, can you google about space",search_web
could you tell me the forecast on spotify,weather
"hey, search the web for quickly",search_web
just tell me the time,time
just put on a playlist,play_music
just hiya,greeting
"hey, what time is it friend",time
just wake me up buddy,set_alarm
would you mind if you i need a laugh for me,joke
i need you to shuffle my songs tomorrow,play_music
can you see ya,farewell
do you know the time,time
can you google,search_web
just show me in new york,open_app
please good afternoon today,greeting
would you mind if you good morning today,greeting
"ok, search for for 10 minutes",search_web
"hey, set an alarm",set_alarm
can you yo today,greeting
can you tell me the forecast,weather
i need you to tell me the forecast,weather
please i need a laugh assistant,joke
just i need a laugh,joke
"hey, gotta go",farewell
can you who is,search_web
just what's the clock say,time
"ok, time check quickly",time
i need you to new alarm for 10 minutes,set_alarm
"hey, set a timer at 7 am",set_alarm
"hey assistant, i need a laugh",joke
i need you to what is,search_web
"hey, good evening",greeting
what is the time,time
"ok, is it raining outside",weather
just resume playback for me,play_music
would you mind if you bye,farewell
"ok, what is the time friend",time
"hey assistant, do i need an umbrella",weather
can you can you open about space,open_app
"hey, time check tomorrow",time
"hey, play some music",play_music
"ok, hiya",greeting
can you boot up friend,open_app
i need you to hi,greeting
"ok, tell me a joke for me",joke
could you set a timer,set_alarm
"hey, show me today",open_app
"hey assistant, what is the temperature for me",weather
can you could you tell me the time,time
i need you to howdy,greeting
could you boot up about space,open_app
would you mind if you make me laugh,joke
"hey, tell me the forecast right now",weather
can you is it raining outside,weather
"hey, open up",open_app
"ok, boot up",open_app
"hey, new alarm in london",set_alarm
"hey, could you tell me the time about dogs",time
time check friend,time
"ok, how is the weather",weather
goodbye,farewell
what is the time,time
would you mind if you talk to you soon,farewell
just set a timer,set_alarm
"hey assistant, crack a joke for me",joke
"hey, how are you right now",greeting
could you good evening,greeting
"hey, is it sunny",weather
can you search for,search_web
can you shuffle my songs,play_music
i need you to can you open tomorrow,open_app
"hey, timer for assistant",set_alarm
would you mind if you tell me the forecast now,weather
just good morning,greeting
could you who is,search_web
"hey assistant, new alarm",set_alarm
do you know any jokes at 7 am,joke
"hey assistant, howdy",greeting
could you add an alarm,set_alarm
i need you to can you open,open_app
"hey assistant, what's the clock say on spotify",time
could you can you google,search_web
could you current time please,time
i need you to make me laugh for me,joke
can you could you tell me the time tomorrow,time
could you could you tell me the time on spotify,time
"hey assistant, boot up",open_app
please i want to listen to music,play_music
"hey, what time is it friend",time
is it raining outside,weather
just find information about about space,search_web
i need you to create a timer,set_alarm
please do you know the time,time
"hey assistant, open the app friend",open_app
please is it sunny,weather
"ok, what is friend",search_web
boot up at 7 am,open_app
"hey, add an alarm quickly",set_alarm
i need a laugh about dogs,joke
please search for at 7 am,search_web
i need you to howdy please,greeting
would you mind if you do i need an umbrella,weather
would you mind if you put on a playlist,play_music
just play some music about dogs,play_music
just look up,search_web
i need you to make me laugh,joke
could you search for,search_web
can you what is the temperature,weather
can you tell me the time,time
can you tell me about at 7 am,search_web
could you crack a joke,joke
could you open the app for me,open_app
could you do you know the time please,time
"hey assistant, go to about dogs",open_app
can you i want to listen to music buddy,play_music
"hey assistant, greetings",greeting
just what is about space,search_web
"hey, is it raining outside about dogs",weather
can you show me now,open_app
"hey assistant, tell me the forecast quickly",weather
could you what's the weather like,weather
could you set an alarm in london,set_alarm
wake me up,set_alarm
"hey assistant, do you know the time quickly",time
"hey, time check",time
"hey assistant, hi there",greeting
i need you to launch today,open_app
could you music please,play_music
just shuffle my songs,play_music
please how is the weather tomorrow,weather
would you mind if you tell me a joke in london,joke
"hey assistant, open up on youtube",open_app
just time check about space,time
"hey, find information about",search_web
start playing music,play_music
please look up for 10 minutes,search_web
"ok, open the app",open_app
please what's the weather like in new york,weather
"hey assistant, talk to you soon on spotify",farewell
"ok, hi there",greeting
could you top of the morning,greeting
would you mind if you timer for for me,set_alarm
would you mind if you find information about quickly,search_web
i need you to timer for please,set_alarm
"hey, do you know any jokes on spotify",joke
crack a joke,joke
can you new alarm in new york,set_alarm
i need you to good afternoon assistant,greeting
"hey, start",open_app
shuffle my songs,play_music
please have a good one,farewell
just start playing music,play_music
i'm leaving today,farewell
can you google right now,search_web
"ok, current time please right now",time
could you shuffle my songs tomorrow,play_music
could you i need a laugh,joke
i need you to what's up right now,greeting
"hey assistant, bye today",farewell
timer for,set_alarm
"hey, play some music buddy",play_music
please set a timer,set_alarm
would you mind if you do you know any jokes in new york,joke
"hey assistant, do you know the time",time
can you crack a joke,joke
"hey assistant, new alarm",set_alarm
could you start playing music,play_music
timer for,set_alarm
can you search for,search_web
i need you to farewell,farewell
"hey assistant, tell me about",search_web
just how is the weather,weather
can you find information about about dogs,search_web
"hey assistant, have a good one about dogs",farewell
please google,search_web
i need you to shuffle my songs,play_music
would you mind if you new alarm,set_alarm
can you have a good one,farewell
"hey assistant, find information about for me",search_web
i need you to tell me a joke tomorrow,joke
"hey assistant, wake me up at 7 am",set_alarm
"hey, can you open",open_app
i need you to time check,time
"hey, is it sunny",weather
just open up assistant,open_app
"hey, peace out tomorrow",farewell
just tell me about,search_web
"hey assistant, find information about today",search_web
"hey, gotta go at 7 am",farewell
timer for,set_alarm
could you what time is it about dogs,time
i need you to do you know any jokes about dogs,joke
"ok, is it raining outside",weather
"ok, play some tunes now",play_music
could you tell me something funny please,joke
set an alarm on youtube,set_alarm
talk to you soon,farewell
i need you to open up,open_app
could you can you open,open_app
i need you to tell me the forecast on youtube,weather
"hey assistant, start for me",open_app
can you what time is it for me,time
could you who is,search_web
"hey, show me assistant",open_app
i need you to can you google about dogs,search_web
please open up,open_app
would you mind if you greetings friend,greeting
i need you to do you know any jokes on youtube,joke
"hey, hello",greeting
"hey, wake me up",set_alarm
just see you later in new york,farewell
can you can you google today,search_web
can you what is the temperature quickly,weather
"ok, play some music now",play_music
just what is on spotify,search_web
"hey assistant, open up",open_app
"hey, yo in new york",greeting
would you mind if you hi please,greeting
"hey assistant, play some music",play_music
"hey assistant, tell me the time",time
"hey assistant, put on a playlist",play_music
could you bye bye for me,farewell
could you tell me about,search_web
could you what is the temperature please,weather
could you wake me up for me,set_alarm
i need you to who is,search_web
please find information about on youtube,search_web
"hey assistant, hi tomorrow",greeting
would you mind if you hey,greeting
just music please,play_music
"hey assistant, show me",open_app
"hey assistant, open the app about dogs",open_app
just open up please,open_app
"ok, see ya for 10 minutes",farewell
"hey assistant, shuffle my songs",play_music
"hey, talk to you soon",farewell
"hey, how is the weather right now",weather
"ok, create a timer now",set_alarm
i need you to bye,farewell
would you mind if you gotta go,farewell
please put on a playlist,play_music
"hey, bye buddy",farewell
can you peace out,farewell
"hey, what's the clock say assistant",time
could you peace out,farewell
would you mind if you look up in new york,search_web
"hey assistant, open up",open_app
talk to you soon,farewell
"hey assistant, set an alarm in new york",set_alarm
can you time check,time
i need you to tell me the forecast,weather
could you look up for 10 minutes,search_web
can you tell me the forecast in new york,weather
can you bye,farewell
music please for me,play_music
i need you to hello,greeting
"hey, add an alarm",set_alarm
i need you to what is,search_web
please see ya,farewell
"hey, look up on youtube",search_web
i need you to remind me,set_alarm
just i'm leaving on spotify,farewell
"hey assistant, have a good one assistant",farewell
i need you to tell me a joke in london,joke
"ok, launch",open_app
could you google,search_web
"hey, yo",greeting
just launch about space,open_app
would you mind if you say a joke now,joke
good afternoon,greeting
can you how are you,greeting
just tell me something funny,joke
what's the weather like about space,weather
"hey, what's up",greeting
could you what time is it in london,time
"hey, have a good one",farewell
can you goodbye,farewell
please what's the weather like,weather
can you open up quickly,open_app
please could you tell me the time assistant,time
can you wake me up,set_alarm
"ok, start about dogs",open_app
tell me the forecast,weather
start today,open_app
could you hello in london,greeting
could you show me,open_app
would you mind if you resume playback,play_music
"hey, what time is it",time
"hey assistant, look up",search_web
please howdy,greeting
"hey, tell me a joke",joke
please crack a joke,joke
do i need an umbrella,weather
would you mind if you time check,time
"ok, hello",greeting
"ok, go to about dogs",open_app
hi there assistant,greeting
would you mind if you what time is it today,time
would you mind if you how is the weather on spotify,weather
"ok, can you open",open_app
please i'm leaving,farewell
i need you to can you open today,open_app
what is for me,search_web
would you mind if you tell me the forecast,weather
would you mind if you create a timer on youtube,set_alarm
"ok, start playing music",play_music
could you good evening,greeting
i need you to what is,search_web
"hey assistant, set a timer assistant",set_alarm
please say a joke,joke
please tell me something funny about dogs,joke
i need you to play some music friend,play_music
i need you to do i need an umbrella for me,weather
how are you,greeting
can you google,search_web
can you show me,open_app
just what's the weather like for 10 minutes,weather
"ok, is it raining outside",weather
would you mind if you bye assistant,farewell
would you mind if you search for,search_web
could you what's the clock say on youtube,time
can you search for,search_web
"hey assistant, set an alarm",set_alarm
"hey, resume playback today",play_music
just set an alarm on youtube,set_alarm
i need you to hi there,greeting
"ok, good afternoon",greeting
can you i need a laugh buddy,joke
please could you tell me the time about space,time
please is it sunny,weather
i need you to resume playback,play_music
"ok, i'm leaving",farewell
can you crack a joke,joke
just i need a laugh about dogs,joke
please wake me up about dogs,set_alarm
i need you to goodbye in london,farewell
could you goodbye,farewell
could you time check right now,time
i need you to good evening quickly,greeting
"ok, time check",time
please good evening,greeting
just is it sunny for 10 minutes,weather
would you mind if you new alarm right now,set_alarm
would you mind if you tell me something funny,joke
could you what is the time friend,time
"hey assistant, tell me about please",search_web
"hey assistant, could you tell me the time",time
just do you know the time,time
could you do you know the time,time
"hey, good afternoon",greeting
could you shuffle my songs,play_music
"ok, hi for me",greeting
just timer for quickly,set_alarm
play a song,play_music
would you mind if you find information about for me,search_web
just yo on spotify,greeting
"hey assistant, music please for me",play_music
can you tell me about please,search_web
"hey assistant, tell me the time",time
"ok, what is the temperature",weather
please greetings friend,greeting
start playing music,play_music
just look up,search_web
"hey, tell me about please",search_web
could you add an alarm for 10 minutes,set_alarm
"ok, add an alarm",set_alarm
"hey assistant, new alarm quickly",set_alarm
would you mind if you catch you later for 10 minutes,farewell
could you search the web for for 10 minutes,search_web
"hey, start for me",open_app
would you mind if you do i need an umbrella right now,weather
"hey, wake me up today",set_alarm
"hey assistant, how are you",greeting
"hey, tell me something funny for me",joke
i need you to is it raining outside,weather
"hey assistant, search for in london",search_web
would you mind if you can you google,search_web
"hey assistant, hey",greeting
"hey assistant, look up",search_web
google,search_web
can you music please on youtube,play_music
"hey assistant, who is about space",search_web
just i'm leaving now,farewell
"hey, i want to listen to music",play_music
could you timer for,set_alarm
"ok, good evening",greeting
"hey assistant, set an alarm",set_alarm
please see ya assistant,farewell
could you bye bye on spotify,farewell
"ok, put on a playlist",play_music
create a timer,set_alarm
would you mind if you shuffle my songs,play_music
please tell me the time,time
please is it sunny quickly,weather
just say a joke tomorrow,joke
can you show me,open_app
would you mind if you what time is it,time
would you mind if you create a timer right now,set_alarm
"hey assistant, create a timer",set_alarm
could you catch you later for me,farewell
could you do i need an umbrella,weather
can you farewell,farewell
who is,search_web
just hiya about space,greeting
talk to you soon,farewell
can you hiya buddy,greeting
"ok, is it raining outside",weather
"hey, what is the time",time
just current time please tomorrow,time
please howdy in london,greeting
can you what time is it right now,time
"hey, tell me about",search_web
"ok, see you later for 10 minutes",farewell
please tell me the forecast,weather
would you mind if you wake me up,set_alarm
"ok, time check quickly",time
"ok, hi there",greeting
would you mind if you go to in london,open_app
just google,search_web
can you can you open about space,open_app
create a timer about space,set_alarm
would you mind if you farewell today,farewell
i need you to see you later,farewell
could you peace out,farewell
please do i need an umbrella at 7 am,weather
i need you to catch you later in new york,farewell
"ok, play some tunes",play_music
just show me,open_app
can you look up,search_web
could you google,search_web
can you top of the morning,greeting
i need you to hey on spotify,greeting
"hey, what is the time today",time
would you mind if you say a joke buddy,joke
would you mind if you music please quickly,play_music
set an alarm tomorrow,set_alarm
"ok, show me about dogs",open_app
search for,search_web
would you mind if you i want to listen to music,play_music
would you mind if you play some tunes about space,play_music
just i need a laugh about space,joke
could you say a joke at 7 am,joke
"hey, music please on youtube",play_music
shuffle my songs,play_music
"ok, hey",greeting
"ok, hiya",greeting
"ok, open up",open_app
please hi,greeting
can you play a song tomorrow,play_music
create a timer please,set_alarm
"hey, who is for 10 minutes",search_web
would you mind if you play some music on spotify,play_music
"ok, boot up about space",open_app
please peace out,farewell
"ok, say a joke",joke
i need you to shuffle my songs,play_music
please see ya,farewell
"hey, good evening",greeting
can you tell me the forecast tomorrow,weather
can you remind me right now,set_alarm
please who is,search_web
"hey assistant, gotta go in london",farewell
please open up,open_app
would you mind if you resume playback quickly,play_music
just what time is it about space,time
would you mind if you how is the weather,weather
"hey, say a joke for 10 minutes",joke
please howdy,greeting
could you current time please in london,time
"ok, boot up today",open_app
i need you to is it sunny,weather
"hey assistant, i want to listen to music friend",play_music
can you can you open,open_app
"hey assistant, good morning",greeting
i need you to tell me something funny please,joke
"hey assistant, is it raining outside",weather
just put on a playlist,play_music
would you mind if you yo please,greeting
"hey, i'm leaving",farewell
"ok, farewell today",farewell
please start,open_app
just tell me a joke right now,joke
can you music please,play_music
"ok, i'm leaving at 7 am",farewell
please what is the temperature,weather
"hey assistant, current time please",time
would you mind if you play some music tomorrow,play_music
would you mind if you add an alarm in new york,set_alarm
would you mind if you could you tell me the time in london,time
"hey, hi",greeting
please yo,greeting
"ok, go to tomorrow",open_app
please say a joke at 7 am,joke
"hey assistant, how are you",greeting
please do i need an umbrella assistant,weather
i need you to tell me about in new york,search_web
would you mind if you have a good one on spotify,farewell
could you launch right now,open_app
i need you to i'm leaving quickly,farewell
timer for assistant,set_alarm
find information about,search_web
"hey, shuffle my songs",play_music
just current time please for me,time
would you mind if you open up,open_app
could you what is the time on spotify,time
can you start playing music,play_music
i need you to what's the clock say friend,time
just hello friend,greeting
please have a good one,farewell
i need you to what time is it in new york,time
"ok, tell me the time",time
just bye,farewell
can you what is,search_web
"hey assistant, is it raining outside",weather
could you who is,search_web
please tell me the forecast in london,weather
could you what is the temperature,weather
"hey assistant, what time is it friend",time
"ok, google about dogs",search_web
would you mind if you bye,farewell
please add an alarm for 10 minutes,set_alarm
can you play a song please,play_music
would you mind if you set a timer please,set_alarm
just good evening in london,greeting
could you open up quickly,open_app
could you greetings,greeting
"ok, tell me something funny for me",joke
just i'm leaving,farewell
"ok, play a song",play_music
"hey assistant, time check for 10 minutes",time
"hey, put on a playlist in new york",play_music
i need you to do you know any jokes on spotify,joke
just find information about about dogs,search_web
could you good morning,greeting
would you mind if you what time is it,time
can you who is about space,search_web
"ok, what's up quickly",greeting
would you mind if you what is,search_web
"ok, tell me the time",time
could you i want to listen to music in new york,play_music
tell me the forecast assistant,weather
please launch tomorrow,open_app
"hey assistant, set an alarm tomorrow",set_alarm
"hey, open up tomorrow",open_app
create a timer,set_alarm
"hey assistant, what is now",search_web
"hey, set an alarm on spotify",set_alarm
current time please in london,time
can you set an alarm at 7 am,set_alarm
"hey assistant, farewell",farewell
launch assistant,open_app
"hey assistant, boot up for me",open_app
would you mind if you talk to you soon in london,farewell
can you could you tell me the time right now,time
would you mind if you what is the temperature about space,weather
can you play some tunes on youtube,play_music
i need you to what's the clock say,time
would you mind if you do you know any jokes for me,joke
just can you google,search_web
can you who is about space,search_web
could you i want to listen to music in london,play_music
i need you to tell me the forecast,weather
can you howdy right now,greeting
i need you to see ya,farewell
"ok, search the web for",search_web
see ya,farewell
could you find information about please,search_web
"hey assistant, farewell",farewell
"hey, what is on spotify",search_web
could you current time please,time
i need you to play a song now,play_music
launch,open_app
i need you to what is about space,search_web
i need you to shuffle my songs today,play_music
do you know the time,time
please yo buddy,greeting
please find information about,search_web
can you make me laugh,joke
would you mind if you find information about,search_web
could you see you later about dogs,farewell
what is friend,search_web
"hey, do i need an umbrella at 7 am",weather
good afternoon,greeting
would you mind if you boot up quickly,open_app
would you mind if you play some music,play_music
"hey, crack a joke about space",joke
how is the weather for 10 minutes,weather
"hey assistant, wake me up for 10 minutes",set_alarm
would you mind if you look up on youtube,search_web
who is,search_web
"ok, what is the temperature",weather
"hey, make me laugh on spotify",joke
"hey assistant, find information about at 7 am",search_web
would you mind if you open up assistant,open_app
can you do i need an umbrella for me,weather
could you current time please tomorrow,time
"hey assistant, show me",open_app
tell me a joke,joke
could you shuffle my songs,play_music
can you tell me a joke,joke
please bye bye,farewell
"hey assistant, what is the temperature on youtube",weather
just hiya,greeting
tell me the time about dogs,time
can you look up tomorrow,search_web
just tell me a joke,joke
"ok, catch you later",farewell
just music please,play_music
"ok, see you later",farewell
please tell me the time,time
please open the app about space,open_app
just remind me,set_alarm
i need you to shuffle my songs,play_music
just is it raining outside,weather
i need you to is it raining outside,weather
just show me on youtube,open_app
could you what's up right now,greeting
"ok, goodbye",farewell
what's the clock say,time
could you hi please,greeting
i need you to do you know any jokes,joke
"hey assistant, say a joke on spotify",joke
"hey assistant, set an alarm for me",set_alarm
please show me about dogs,open_app
please add an alarm today,set_alarm
"ok, howdy",greeting
please what is the time,time
just do you know any jokes,joke
what time is it quickly,time
"hey assistant, start playing music right now",play_music
peace out in new york,farewell
can you do you know any jokes,joke
"hey assistant, have a good one now",farewell
please tell me about quickly,search_web
"hey assistant, do i need an umbrella",weather
just what's the clock say tomorrow,time
"ok, set a timer",set_alarm
i need you to what's the clock say,time
could you how are you,greeting
"ok, look up at 7 am",search_web
i need you to crack a joke about space,joke
would you mind if you show me for 10 minutes,open_app
just do you know the time,time
just find information about tomorrow,search_web
would you mind if you what is the temperature,weather
can you could you tell me the time for 10 minutes,time
"ok, goodbye please",farewell
can you make me laugh,joke
"hey assistant, remind me",set_alarm
"hey, do you know the time",time
please put on a playlist,play_music
can you search for today,search_web
would you mind if you how are you about dogs,greeting
would you mind if you add an alarm for me,set_alarm
would you mind if you time check for me,time
"hey, wake me up for 10 minutes",set_alarm
i need you to can you open,open_app
would you mind if you hi today,greeting
"hey, what time is it in london",time
can you i need a laugh today,joke
just tell me the forecast please,weather
would you mind if you make me laugh now,joke
just gotta go,farewell
please good evening,greeting
just look up at 7 am,search_web
what's up,greeting
what's the clock say on spotify,time
can you go to,open_app
could you see ya,farewell
can you what is the time,time
start on spotify,open_app
what time is it,time
could you i'm leaving,farewell
i need you to remind me tomorrow,set_alarm
please good morning friend,greeting
just can you google,search_web
talk to you soon,farewell
can you tell me something funny,joke
can you open,open_app
just catch you later for me,farewell
would you mind if you play some tunes,play_music
could you make me laugh,joke
just current time please quickly,time
search for in london,search_web
what time is it about space,time
i need you to put on a playlist buddy,play_music
do you know any jokes,joke
can you crack a joke,joke
could you launch in new york,open_app
"hey, can you open on spotify",open_app
would you mind if you remind me,set_alarm
please new alarm,set_alarm
could you set an alarm now,set_alarm
search for for 10 minutes,search_web
would you mind if you i need a laugh quickly,joke
can you gotta go about dogs,farewell
i need you to i'm leaving on youtube,farewell
start,open_app
would you mind if you set a timer,set_alarm
"hey assistant, hiya on youtube",greeting
"hey, what's the weather like friend",weather
"ok, what is the temperature",weather
google,search_web
"hey assistant, launch about space",open_app
"hey, current time please assistant",time
could you bye bye for me,farewell
just start playing music in new york,play_music
is it sunny quickly,weather
would you mind if you resume playback,play_music
"ok, open the app",open_app
can you go to about dogs,open_app
just tell me about friend,search_web
i need you to good evening on spotify,greeting
please how are you,greeting
please yo for 10 minutes,greeting
please catch you later,farewell
can you play a song,play_music
"hey, open the app on spotify",open_app
can you start playing music,play_music
"ok, set an alarm friend",set_alarm
"hey, bye bye",farewell
would you mind if you gotta go today,farewell
i need you to hello,greeting
see you later about dogs,farewell
"hey, good evening today",greeting
gotta go in london,farewell
can you boot up for 10 minutes,open_app
"hey, is it sunny now",weather
would you mind if you who is tomorrow,search_web
would you mind if you set an alarm buddy,set_alarm
goodbye today,farewell
could you tell me the forecast in new york,weather
would you mind if you add an alarm about dogs,set_alarm
could you current time please please,time
"hey, what is the time",time
"hey, remind me for me",set_alarm
"hey assistant, time check in london",time
just set an alarm for me,set_alarm
just good morning quickly,greeting
"ok, how are you",greeting
please how is the weather on spotify,weather
would you mind if you how is the weather about dogs,weather
"hey, new alarm",set_alarm
can you create a timer,set_alarm
please what's up friend,greeting
"hey, what is the temperature",weather
i need you to tell me about,search_web
"ok, what time is it",time
just set an alarm,set_alarm
please music please on youtube,play_music
please hello,greeting
"hey assistant, current time please on spotify",time
could you make me laugh,joke
can you what is the time,time
can you what's the clock say,time
would you mind if you do i need an umbrella,weather
just create a timer for 10 minutes,set_alarm
could you goodbye for me,farewell
just is it raining outside,weather
"hey, new alarm",set_alarm
"hey, what's the weather like quickly",weather
"ok, i want to listen to music",play_music
just i want to listen to music about space,play_music
can you how is the weather today,weather
just what's the clock say,time
could you tell me something funny,joke
would you mind if you timer for,set_alarm
please open the app,open_app
please what is the temperature,weather
i need you to play some tunes on youtube,play_music
can you resume playback,play_music
would you mind if you talk to you soon friend,farewell
just what's up for 10 minutes,greeting
i need you to what is,search_web
"hey assistant, tell me about",search_web
please time check,time
can you i'm leaving,farewell
just crack a joke in new york,joke
can you what's the weather like,weather
please howdy,greeting
"hey assistant, remind me in new york",set_alarm
"hey, how is the weather quickly",weather
"hey assistant, play some music",play_music
i need you to add an alarm now,set_alarm
could you can you google friend,search_web
please how is the weather,weather
just crack a joke about dogs,joke
"ok, wake me up for 10 minutes",set_alarm
would you mind if you can you open,open_app
"ok, tell me a joke",joke
what is the time,time
please new alarm,set_alarm
"ok, go to please",open_app
"ok, do you know the time at 7 am",time
i need you to can you open,open_app
would you mind if you can you open,open_app
can you search the web for,search_web
make me laugh about space,joke
please hey,greeting
please go to,open_app
would you mind if you tell me a joke,joke
could you tell me a joke,joke
could you boot up for me,open_app
would you mind if you tell me something funny at 7 am,joke
please is it raining outside,weather
"hey, find information about in london",search_web
would you mind if you tell me the forecast,weather
would you mind if you hey,greeting
just can you open,open_app
would you mind if you what is today,search_web
"ok, music please in london",play_music
i need you to start,open_app
i need you to show me assistant,open_app
farewell,farewell
just what is the time,time
please peace out for 10 minutes,farewell
"ok, tell me a joke",joke
"ok, see ya",farewell
please what is the time about dogs,time
would you mind if you hi there,greeting
i need you to can you open,open_app
could you play a song,play_music
would you mind if you what is,search_web
please i need a laugh about dogs,joke
"hey assistant, time check assistant",time
can you greetings,greeting
i need you to see ya,farewell
"hey assistant, hi",greeting
please create a timer quickly,set_alarm
what is the temperature right now,weather
"hey assistant, farewell",farewell
i need you to hello friend,greeting
please set a timer,set_alarm
open the app,open_app
can you how is the weather,weather
could you gotta go please,farewell
"ok, launch",open_app
please tell me the forecast at 7 am,weather
please launch,open_app
could you new alarm,set_alarm
i need you to set an alarm,set_alarm
"hey assistant, what's the weather like on youtube",weather
please hi there,greeting
just look up assistant,search_web
"hey, play a song",play_music
"ok, start",open_app
can you timer for,set_alarm
just who is friend,search_web
crack a joke,joke
please talk to you soon friend,farewell
could you bye,farewell
could you start playing music,play_music
"hey, good morning about dogs",greeting
"hey assistant, create a timer",set_alarm
i need you to howdy in london,greeting
"ok, good morning",greeting
tell me the forecast friend,weather
i need you to tell me the forecast assistant,weather
can you search for today,search_web
could you what's the weather like for me,weather
"hey, see you later buddy",farewell
can you tell me the forecast,weather
could you search the web for friend,search_web
"hey, start",open_app
please music please,play_music
"ok, look up",search_web
would you mind if you time check,time
would you mind if you start,open_app
can you boot up in london,open_app
just make me laugh in new york,joke
"hey assistant, show me",open_app
can you show me,open_app
could you google now,search_web
just top of the morning on youtube,greeting
i need you to who is on youtube,search_web
"hey assistant, show me today",open_app
can you open the app,open_app
i need you to current time please on youtube,time
would you mind if you i need a laugh on youtube,joke
i need you to hi friend,greeting
what is the temperature on youtube,weather
could you yo,greeting
"hey assistant, find information about",search_web
can you what time is it at 7 am,time
just launch for 10 minutes,open_app
"hey assistant, what's the clock say right now",time
i need you to i need a laugh for 10 minutes,joke
"hey, goodbye on youtube",farewell
please what is the time at 7 am,time
could you play some music now,play_music
i need you to goodbye in london,farewell
could you start,open_app
would you mind if you current time please,time
"hey, have a good one assistant",farewell
could you what's the weather like buddy,weather
would you mind if you play some tunes tomorrow,play_music
"hey assistant, tell me the time",time
can you talk to you soon,farewell
would you mind if you what is the temperature tomorrow,weather
"hey assistant, hello now",greeting
please hi there now,greeting
would you mind if you go to,open_app
"ok, add an alarm",set_alarm
please new alarm at 7 am,set_alarm
"ok, open the app tomorrow",open_app
i need you to what's up for me,greeting
can you greetings in new york,greeting
would you mind if you do i need an umbrella about space,weather
please tell me something funny,joke
"ok, set an alarm on spotify",set_alarm
"hey, google",search_web
i need you to i'm leaving about space,farewell
i need you to peace out,farewell
could you how is the weather right now,weather
would you mind if you hey in london,greeting
would you mind if you say a joke,joke
would you mind if you look up friend,search_web
could you is it raining outside today,weather
farewell,farewell
"hey assistant, add an alarm",set_alarm
can you music please quickly,play_music
"ok, look up today",search_web
i need you to add an alarm quickly,set_alarm
please can you open,open_app
can you play a song,play_music
can you how is the weather for me,weather
"hey, add an alarm in london",set_alarm
just greetings,greeting
"ok, boot up for me",open_app
"hey, i need a laugh tomorrow",joke
just open the app on spotify,open_app
please what is the time,time
"hey, find information about",search_web
"ok, greetings",greeting
"hey, talk to you soon",farewell
"hey assistant, what is the temperature at 7 am",weather
"ok, hiya",greeting
please is it sunny please,weather
i need you to time check,time
just what time is it,time
"ok, show me at 7 am",open_app
"hey assistant, see ya",farewell
just how is the weather,weather
"hey, could you tell me the time please",time
could you music please about dogs,play_music
could you search the web for,search_web
how is the weather,weather
could you gotta go,farewell
start,open_app
find information about,search_web
"ok, i need a laugh for me",joke
can you open,open_app
"hey assistant, show me assistant",open_app
would you mind if you launch at 7 am,open_app
"ok, music please",play_music
can you goodbye,farewell
make me laugh about space,joke
"hey, play a song",play_music
"hey assistant, who is tomorrow",search_web
just wake me up,set_alarm
just how are you right now,greeting
just look up quickly,search_web
can you catch you later,farewell
just what time is it,time
wake me up,set_alarm
could you how is the weather,weather
can you play some music right now,play_music
just shuffle my songs,play_music
"hey assistant, good morning",greeting
"hey assistant, say a joke about dogs",joke
"ok, time check on youtube",time
please crack a joke please,joke
please what's the weather like,weather
"hey, is it raining outside on youtube",weather
"hey, i want to listen to music",play_music
"hey assistant, do you know any jokes",joke
would you mind if you what's the clock say,time
could you play some tunes today,play_music
"ok, start playing music right now",play_music
could you what's the clock say,time
boot up friend,open_app
can you talk to you soon quickly,farewell
"ok, launch on youtube",open_app
could you remind me friend,set_alarm
can you play some music,play_music
can you what is the temperature tomorrow,weather
"hey, what is the time about space",time
"ok, see ya in london",farewell
"hey, do you know any jokes",joke
"ok, hey at 7 am",greeting
just could you tell me the time at 7 am,time
"hey assistant, find information about",search_web
could you i need a laugh for me,joke
go to on youtube,open_app
"hey, how is the weather",weather
would you mind if you find information about about dogs,search_web
"hey assistant, do you know any jokes right now",joke
can you do i need an umbrella for 10 minutes,weather
can you wake me up,set_alarm
could you what's the weather like today,weather
would you mind if you resume playback now,play_music
would you mind if you start,open_app
can you i need a laugh,joke
is it sunny quickly,weather
just set a timer please,set_alarm
just find information about assistant,search_web
could you i'm leaving please,farewell
i need you to show me,open_app
please i'm leaving tomorrow,farewell
would you mind if you put on a playlist,play_music
"hey, what's the weather like",weather
resume playback about space,play_music
good afternoon on spotify,greeting
can you shuffle my songs,play_music
"ok, what's the clock say",time
please show me,open_app
i need you to make me laugh,joke
could you search for in new york,search_web
i need you to what is the temperature,weather
could you add an alarm in new york,set_alarm
would you mind if you have a good one,farewell
add an alarm,set_alarm
please what's the weather like,weather
i need you to what's the clock say please,time
would you mind if you current time please in new york,time
would you mind if you farewell for me,farewell
just add an alarm at 7 am,set_alarm
can you tell me the time for me,time
just could you tell me the time,time
"ok, what's the weather like",weather
would you mind if you how are you,greeting
i need you to look up,search_web
please do you know the time,time
please talk to you soon for 10 minutes,farewell
can you what is the temperature right now,weather
"hey, current time please for me",time
could you what's the weather like,weather
could you start playing music,play_music
what's the weather like,weather
please do you know any jokes,joke
show me please,open_app
"hey assistant, play a song",play_music
please add an alarm,set_alarm
hey,greeting
"hey assistant, set a timer",set_alarm
could you farewell,farewell
"ok, tell me about",search_web
gotta go for me,farewell
"ok, new alarm right now",set_alarm
"hey assistant, set a timer",set_alarm
can you launch,open_app
"hey, bye buddy",farewell
would you mind if you how is the weather today,weather
"ok, crack a joke",joke
just google please,search_web
i need you to current time please in new york,time
"ok, do you know any jokes",joke
can you farewell,farewell
crack a joke,joke
"hey assistant, i want to listen to music",play_music
please hiya at 7 am,greeting
just can you google assistant,search_web
i need you to can you google at 7 am,search_web
please go to,open_app
"hey, current time please right now",time
just can you google,search_web
"hey assistant, do i need an umbrella assistant",weather
just what's the weather like,weather
could you hi in new york,greeting
what is the time friend,time
can you tell me the forecast,weather
"ok, new alarm",set_alarm
could you do you know any jokes,joke
shuffle my songs now,play_music
"hey assistant, set a timer",set_alarm
"hey, howdy",greeting
"hey, go to about dogs",open_app
"hey assistant, do i need an umbrella",weather
would you mind if you start,open_app
could you open up today,open_app
would you mind if you find information about,search_web
"hey, current time please",time
what is the time,time
"hey, what's the clock say",time
i need you to tell me the time,time
just launch,open_app
can you greetings,greeting
hi there please,greeting
can you current time please,time
hiya tomorrow,greeting
"ok, i need a laugh today",joke
would you mind if you is it raining outside about dogs,weather
"ok, what is the time",time
just what's the weather like quickly,weather
bye,farewell
just play a song for 10 minutes,play_music
please what time is it,time
could you boot up,open_app
i need you to start playing music tomorrow,play_music
can you find information about,search_web
can you shuffle my songs tomorrow,play_music
wake me up assistant,set_alarm
"hey, open up",open_app
"hey assistant, start in london",open_app
"hey assistant, wake me up on youtube",set_alarm
play a song for me,play_music
could you could you tell me the time,time
can you look up in new york,search_web
"ok, tell me the time assistant",time
"ok, open up",open_app
"hey, who is on spotify",search_web
i need you to current time please,time
just can you google,search_web
please say a joke,joke
can you can you open,open_app
good morning,greeting
can you find information about,search_web
could you new alarm,set_alarm
please what's the clock say,time
could you what's the weather like,weather
what's the clock say for 10 minutes,time
can you set an alarm today,set_alarm
find information about,search_web
please tell me the time,time
could you start,open_app
would you mind if you what is the time,time
timer for,set_alarm
what time is it assistant,time
make me laugh,joke
just show me in new york,open_app
please do you know any jokes,joke
can you what is the time for me,time
"hey, what is the temperature",weather
just start today,open_app
"ok, what is at 7 am",search_web
start for 10 minutes,open_app
can you do i need an umbrella,weather
new alarm,set_alarm
can you tell me the time,time
"hey assistant, hiya",greeting
how is the weather,weather
"hey, bye bye",farewell
search for,search_web
"ok, play some music at 7 am",play_music
"ok, make me laugh on youtube",joke
"ok, tell me the time",time
just tell me a joke for me,joke
i need you to greetings,greeting
could you good evening,greeting
can you look up friend,search_web
could you is it sunny assistant,weather
"hey, crack a joke on spotify",joke
"ok, find information about",search_web
i need you to open the app,open_app
"hey, see you later about space",farewell
could you bye in london,farewell
can you say a joke,joke
could you tell me about assistant,search_web
"hey, talk to you soon",farewell
could you goodbye about dogs,farewell
"hey assistant, music please about dogs",play_music
"hey, tell me the time",time
i need you to remind me,set_alarm
"ok, time check on spotify",time
i need you to wake me up in new york,set_alarm
greetings friend,greeting
could you tell me a joke in london,joke
"hey, start",open_app
i need you to catch you later today,farewell
would you mind if you timer for about dogs,set_alarm
could you goodbye at 7 am,farewell
i need you to can you open,open_app
"hey, new alarm",set_alarm
"hey assistant, look up",search_web
would you mind if you make me laugh,joke
"hey, do i need an umbrella",weather
"ok, open the app about space",open_app
please what's the weather like for 10 minutes,weather
could you put on a playlist,play_music
i need you to talk to you soon,farewell
just who is,search_web
i want to listen to music,play_music
"hey assistant, open up",open_app
would you mind if you add an alarm,set_alarm
"ok, what's the clock say at 7 am",time
"hey, howdy",greeting
"ok, could you tell me the time",time
would you mind if you find information about tomorrow,search_web
just go to about dogs,open_app
"hey, time check",time
please how is the weather,weather
could you say a joke buddy,joke
please set a timer now,set_alarm
new alarm,set_alarm
can you resume playback about dogs,play_music
"ok, boot up",open_app
just tell me something funny on spotify,joke
would you mind if you see you later,farewell
just do you know the time,time
"hey assistant, play some tunes tomorrow",play_music
can you goodbye for 10 minutes,farewell
"hey, have a good one tomorrow",farewell
"hey, can you google in london",search_web
please can you open quickly,open_app
please launch tomorrow,open_app
i need you to timer for at 7 am,set_alarm
please good afternoon in new york,greeting
i need you to put on a playlist now,play_music
open the app,open_app
"ok, new alarm",set_alarm
just can you open buddy,open_app
"hey, open the app",open_app
i need you to start right now,open_app
please what's the clock say,time
"hey, tell me the time in new york",time
"ok, make me laugh",joke
i need you to bye,farewell
"hey, what time is it today",time
could you open the app on youtube,open_app
please current time please,time
please say a joke at 7 am,joke
"hey assistant, play some music",play_music
"hey, what time is it tomorrow",time
can you look up,search_web
can you i want to listen to music,play_music
i need you to set a timer,set_alarm
can you how are you,greeting
i need you to catch you later,farewell
could you timer for,set_alarm
"hey, hey please",greeting
"ok, i'm leaving",farewell
could you tell me a joke in new york,joke
"hey, catch you later",farewell
just howdy buddy,greeting
please wake me up,set_alarm
can you current time please for me,time
would you mind if you put on a playlist,play_music
just i'm leaving about dogs,farewell
just who is buddy,search_web
please i want to listen to music in new york,play_music
"hey, launch in london",open_app
would you mind if you current time please,time
"hey, who is on spotify",search_web
i need you to bye bye,farewell
can you new alarm,set_alarm
"hey assistant, howdy in london",greeting
i need you to do you know any jokes,joke
i need you to could you tell me the time on youtube,time
please what's the weather like on youtube,weather
can you could you tell me the time,time
"ok, yo",greeting
just set a timer,set_alarm
just start playing music,play_music
"hey, do you know any jokes today",joke
"ok, boot up buddy",open_app
would you mind if you what's the weather like,weather
can you play some tunes,play_music
"hey, could you tell me the time",time
good evening now,greeting
could you search the web for at 7 am,search_web
just howdy,greeting
would you mind if you hi there,greeting
"hey assistant, go to",open_app
can you add an alarm on spotify,set_alarm
i need you to search for,search_web
can you what is tomorrow,search_web
good morning for me,greeting
i need you to i'm leaving,farewell
"ok, catch you later quickly",farewell
yo,greeting
hi there today,greeting
"hey, shuffle my songs at 7 am",play_music
could you i want to listen to music tomorrow,play_music
could you could you tell me the time for 10 minutes,time
just look up about space,search_web
"ok, search the web for about space",search_web
"hey assistant, what's the weather like today",weather
please set a timer today,set_alarm
please search for,search_web
i need you to what is the temperature,weather
please i'm leaving right now,farewell
"ok, say a joke in london",joke
just find information about,search_web
"ok, current time please",time
please can you google buddy,search_web
i need you to talk to you soon,farewell
could you play a song,play_music
can you peace out,farewell
"hey assistant, find information about",search_web
"ok, tell me something funny",joke
"ok, tell me a joke",joke
just what's the clock say,time
would you mind if you set an alarm,set_alarm
i need you to bye for 10 minutes,farewell
please do i need an umbrella,weather
"hey, resume playback",play_music
launch tomorrow,open_app
what's the weather like in new york,weather
just what's the weather like,weather
i need you to tell me the forecast,weather
"hey assistant, catch you later",farewell
"ok, current time please in london",time
could you hi there about space,greeting
could you start playing music,play_music
could you see you later,farewell
find information about for 10 minutes,search_web
could you set an alarm today,set_alarm
"hey, what time is it",time
would you mind if you search for about space,search_web
bye in london,farewell
just tell me the forecast,weather
can you tell me the time,time
would you mind if you timer for quickly,set_alarm
"hey assistant, music please",play_music
"ok, top of the morning",greeting
can you timer for,set_alarm
i need a laugh,joke
could you can you open,open_app
"hey, good morning for 10 minutes",greeting
can you set a timer,set_alarm
"hey assistant, launch quickly",open_app
could you can you google,search_web
i need you to new alarm in new york,set_alarm
start playing music on spotify,play_music
would you mind if you farewell on youtube,farewell
play a song,play_music
could you time check in london,time
could you i need a laugh,joke
"hey assistant, play a song",play_music
"hey assistant, good morning tomorrow",greeting
"hey assistant, what's up",greeting
set an alarm,set_alarm
just remind me quickly,set_alarm
"hey assistant, tell me the time",time
"hey, what is the temperature in london",weather
would you mind if you what's the weather like friend,weather
i need you to boot up tomorrow,open_app
"hey, put on a playlist",play_music
"hey, open up",open_app
could you do i need an umbrella,weather
"hey assistant, do i need an umbrella",weather
could you can you google,search_web
could you launch on spotify,open_app
"ok, i need a laugh",joke
i need you to show me about dogs,open_app
howdy for 10 minutes,greeting
"hey, see you later friend",farewell
could you do you know any jokes in london,joke
i need you to hiya,greeting
just what's up,greeting
hi there,greeting
"hey, i'm leaving",farewell
"ok, music please tomorrow",play_music
i need a laugh right now,joke
could you time check,time
"hey assistant, what is the time now",time
can you google,search_web
just tell me the time,time
would you mind if you what's the weather like,weather
i need you to tell me something funny,joke
i need you to talk to you soon,farewell
just current time please,time
i need you to look up,search_web
could you hey friend,greeting
would you mind if you current time please,time
"hey, play a song",play_music
i need you to play some tunes tomorrow,play_music
i need you to who is,search_web
can you music please now,play_music
"hey, play some music",play_music
would you mind if you create a timer about dogs,set_alarm
could you play some music,play_music
"ok, make me laugh right now",joke
could you launch on youtube,open_app
could you timer for,set_alarm
can you play some tunes about space,play_music
"hey, show me right now",open_app
could you do you know any jokes on youtube,joke
launch,open_app
can you current time please about space,time
please tell me about friend,search_web
i need you to see you later for 10 minutes,farewell
"hey, bye",farewell
can you top of the morning,greeting
could you set an alarm,set_alarm
could you who is quickly,search_web
"hey assistant, is it raining outside",weather
please start playing music for 10 minutes,play_music
please say a joke,joke
can you hi,greeting
"ok, what time is it quickly",time
could you i'm leaving right now,farewell
please google about space,search_web
"ok, do you know any jokes quickly",joke
would you mind if you tell me the time,time
"hey, launch",open_app
can you do you know any jokes,joke
"hey, what's the weather like now",weather
"hey assistant, is it sunny in new york",weather
can you open up assistant,open_app
just play a song right now,play_music
i need you to do you know any jokes quickly,joke
would you mind if you bye bye in new york,farewell
"ok, hello",greeting
do i need an umbrella,weather
"ok, say a joke please",joke
can you what is the temperature please,weather
i need you to wake me up today,set_alarm
could you tell me something funny,joke
hi there,greeting
"ok, how is the weather",weather
start playing music now,play_music
"hey, tell me the forecast now",weather
tell me something funny,joke
i need you to start quickly,open_app
would you mind if you tell me the time,time
please new alarm,set_alarm
please good morning,greeting
i need you to good morning quickly,greeting
hiya friend,greeting
hi there,greeting
what is the time,time
could you do i need an umbrella about space,weather
can you gotta go,farewell
would you mind if you make me laugh on youtube,joke
"hey assistant, what is the temperature quickly",weather
just start playing music on spotify,play_music
can you crack a joke,joke
"hey assistant, show me",open_app
"hey assistant, current time please buddy",time
could you i'm leaving,farewell
would you mind if you how is the weather about dogs,weather
would you mind if you bye in new york,farewell
"hey assistant, play some tunes today",play_music
"hey, good evening",greeting
i need you to top of the morning,greeting
please good morning,greeting
"hey assistant, open the app",open_app
"hey, set an alarm on spotify",set_alarm
start playing music,play_music
boot up quickly,open_app
just go to,open_app
could you do you know any jokes about dogs,joke
is it raining outside,weather
please play a song in london,play_music
add an alarm on youtube,set_alarm
"hey, put on a playlist",play_music
"hey assistant, shuffle my songs about dogs",play_music
would you mind if you search for,search_web
would you mind if you good afternoon quickly,greeting
what is the temperature today,weather
"ok, resume playback about dogs",play_music
"hey assistant, what is the time",time
please find information about for me,search_web
can you good morning assistant,greeting
would you mind if you say a joke please,joke
please i need a laugh,joke
put on a playlist on youtube,play_music
i need a laugh on youtube,joke
just goodbye,farewell
please tell me a joke,joke
can you add an alarm in london,set_alarm
"ok, what time is it on youtube",time
"ok, add an alarm",set_alarm
could you play some music,play_music
"hey, i want to listen to music",play_music
"ok, is it sunny right now",weather
i need you to set a timer please,set_alarm
can you what's the clock say friend,time
just crack a joke quickly,joke
see ya right now,farewell
"ok, tell me something funny",joke
"ok, start playing music",play_music
would you mind if you set a timer,set_alarm
please peace out,farewell
can you open up,open_app
"ok, tell me a joke friend",joke
please who is for me,search_web
i need you to make me laugh for me,joke
"ok, put on a playlist",play_music
i need you to farewell for me,farewell
could you google now,search_web
i need you to tell me the time,time
would you mind if you i need a laugh for me,joke
i need you to top of the morning,greeting
could you tell me the time right now,time
"ok, boot up",open_app
"hey assistant, make me laugh",joke
wake me up,set_alarm
i need you to timer for for 10 minutes,set_alarm
could you music please right now,play_music
see you later on youtube,farewell
"ok, who is",search_web
"hey, i need a laugh",joke
"hey assistant, catch you later",farewell
just greetings right now,greeting
"ok, go to",open_app
do you know the time buddy,time
"hey, go to on spotify",open_app
"hey assistant, i'm leaving",farewell
would you mind if you put on a playlist,play_music
"hey assistant, what is the time tomorrow",time
"hey assistant, how is the weather",weather
just tell me the forecast now,weather
just howdy now,greeting
"ok, search for",search_web
just show me,open_app
can you search the web for tomorrow,search_web
would you mind if you who is,search_web
can you what is the time today,time
can you how is the weather,weather
"hey assistant, do you know any jokes",joke
can you i need a laugh on spotify,joke
can you how are you right now,greeting
just set a timer please,set_alarm
could you good morning friend,greeting
would you mind if you do i need an umbrella,weather
"hey assistant, time check",time
please see ya,farewell
just have a good one assistant,farewell
"hey assistant, how are you friend",greeting
just timer for assistant,set_alarm
"hey assistant, start playing music about space",play_music
just open up,open_app
can you catch you later in london,farewell
"ok, show me",open_app
could you launch,open_app
"ok, wake me up for me",set_alarm
"hey, what is",search_web
"hey assistant, what's the weather like",weather
i need you to is it sunny,weather
"ok, remind me",set_alarm
i need you to who is,search_web
would you mind if you good evening on spotify,greeting
would you mind if you good evening,greeting
can you current time please on spotify,time
what time is it today,time
just new alarm,set_alarm
please howdy,greeting
just is it raining outside,weather
could you do i need an umbrella on spotify,weather
just can you open now,open_app
top of the morning right now,greeting
i need you to see ya please,farewell
"hey assistant, what is the time",time
"hey assistant, what's the weather like at 7 am",weather
"hey assistant, start today",open_app
i need you to see ya,farewell
could you crack a joke,joke
"hey, can you open on spotify",open_app
"hey assistant, open the app",open_app
"hey assistant, what's the weather like about space",weather
i need you to go to,open_app
would you mind if you go to,open_app
please crack a joke,joke
"ok, who is tomorrow",search_web
"hey, google at 7 am",search_web
"ok, what is the temperature",weather
"hey assistant, gotta go",farewell
just goodbye,farewell
can you google,search_web
"hey, can you google please",search_web
i need you to search the web for,search_web
create a timer,set_alarm
"hey assistant, open the app quickly",open_app
would you mind if you can you google,search_web
would you mind if you do i need an umbrella right now,weather
can you say a joke for 10 minutes,joke
could you farewell assistant,farewell
can you i need a laugh,joke
look up about space,search_web
could you time check quickly,time
boot up,open_app
"hey assistant, go to on youtube",open_app
"hey assistant, do you know the time buddy",time
would you mind if you remind me,set_alarm
could you create a timer about space,set_alarm
i need you to good afternoon,greeting
look up,search_web
can you is it raining outside on spotify,weather
"hey, bye",farewell
"ok, tell me the time friend",time
please set an alarm,set_alarm
"ok, go to at 7 am",open_app
just resume playback buddy,play_music
could you bye bye,farewell
could you do i need an umbrella,weather
just see you later at 7 am,farewell
"hey, remind me about space",set_alarm
is it raining outside buddy,weather
could you bye bye,farewell
"ok, search for",search_web
just hey for 10 minutes,greeting
"hey assistant, tell me about tomorrow",search_web
i need you to tell me the forecast,weather
"ok, show me",open_app
just do you know any jokes,joke
"hey assistant, is it raining outside for 10 minutes",weather
would you mind if you tell me something funny in new york,joke
i need you to see ya assistant,farewell
"ok, top of the morning on youtube",greeting
"hey, can you open buddy",open_app
could you open up now,open_app
"ok, what is the temperature now",weather
can you shuffle my songs in new york,play_music
"hey, tell me a joke",joke
i need you to music please,play_music
put on a playlist now,play_music
would you mind if you what is,search_web
can you say a joke,joke
could you greetings assistant,greeting
i need you to tell me the time tomorrow,time
what's up,greeting
please do you know any jokes now,joke
could you new alarm on youtube,set_alarm
i need you to tell me a joke,joke
please hi there right now,greeting
can you what is the time,time
"hey, good evening",greeting
could you tell me something funny now,joke
just put on a playlist,play_music
"hey, timer for today",set_alarm
can you look up assistant,search_web
"ok, see you later now",farewell
please what time is it about dogs,time
please peace out,farewell
could you how is the weather,weather
could you go to,open_app
please add an alarm in new york,set_alarm
"hey assistant, is it raining outside",weather
can you search the web for,search_web
just new alarm,set_alarm
"hey, what time is it",time
please crack a joke for 10 minutes,joke
please remind me,set_alarm
"hey assistant, crack a joke",joke
please do i need an umbrella,weather
just hi there assistant,greeting
would you mind if you find information about on youtube,search_web
"ok, open the app on youtube",open_app
i need you to hey,greeting
could you wake me up in london,set_alarm
just time check,time
"hey, what's up",greeting
would you mind if you boot up in new york,open_app
would you mind if you new alarm in london,set_alarm
just good morning,greeting
"hey, go to",open_app
just hey,greeting
please resume playback for me,play_music
could you tell me the time in london,time
would you mind if you could you tell me the time,time
could you search for,search_web
"hey assistant, what is the time",time
please is it sunny,weather
just is it raining outside on youtube,weather
could you what's up,greeting
i need you to can you google about space,search_web
please show me tomorrow,open_app
"ok, start for me",open_app
"hey assistant, open up for 10 minutes",open_app
"ok, launch",open_app
"hey, good morning",greeting
"ok, do i need an umbrella",weather
"hey, greetings today",greeting
would you mind if you is it raining outside,weather
i need you to do i need an umbrella,weather
i need you to start,open_app
would you mind if you play some tunes,play_music
could you start,open_app
can you say a joke,joke
can you i'm leaving at 7 am,farewell
"ok, hey",greeting
would you mind if you tell me something funny,joke
boot up,open_app
"hey, play a song about dogs",play_music
would you mind if you do you know any jokes quickly,joke
could you wake me up quickly,set_alarm
could you launch,open_app
just start playing music about dogs,play_music
would you mind if you open the app,open_app
would you mind if you have a good one,farewell
i need you to remind me,set_alarm
just play some music,play_music
i need you to shuffle my songs,play_music
remind me on youtube,set_alarm
i need you to howdy,greeting
can you see ya,farewell
i need you to time check on youtube,time
just google please,search_web
"ok, i'm leaving",farewell
just farewell today,farewell
i need you to remind me,set_alarm
can you what is the time for 10 minutes,time
"hey, catch you later",farewell
just resume playback friend,play_music
"hey, good afternoon",greeting
could you go to,open_app
i need you to greetings in london,greeting
i need you to play some music,play_music
"hey assistant, start",open_app
please wake me up,set_alarm
can you set a timer about dogs,set_alarm
just open up,open_app
"ok, tell me a joke",joke
could you timer for,set_alarm
just google at 7 am,search_web
play some tunes today,play_music
"ok, can you google",search_web
"hey assistant, do you know any jokes",joke
would you mind if you timer for,set_alarm
"hey, could you tell me the time",time
"hey assistant, hiya about space",greeting
just what is the temperature,weather
i need you to goodbye,farewell
"hey assistant, bye bye",farewell
just what's the clock say,time
"hey, what is the temperature",weather
"ok, wake me up quickly",set_alarm
i need you to can you open,open_app
would you mind if you search the web for,search_web
"hey assistant, what's the clock say",time
could you timer for tomorrow,set_alarm
i need you to boot up,open_app
please greetings,greeting
"hey, tell me a joke for 10 minutes",joke
"hey, good afternoon",greeting
"ok, look up",search_web
could you can you open,open_app
would you mind if you is it raining outside buddy,weather
"hey assistant, create a timer",set_alarm
"hey, good morning",greeting
"hey, how is the weather",weather
could you is it sunny right now,weather
"ok, bye bye assistant",farewell
can you what is the temperature,weather
i need you to hi about space,greeting
i need you to launch quickly,open_app
"hey, peace out quickly",farewell
would you mind if you what's up please,greeting
play some tunes,play_music
would you mind if you i need a laugh,joke
could you goodbye tomorrow,farewell
i need you to could you tell me the time for me,time
would you mind if you is it sunny,weather
can you i'm leaving,farewell
"hey assistant, google",search_web
would you mind if you tell me about in new york,search_web
could you hiya,greeting
please play some music on youtube,play_music
could you put on a playlist in london,play_music
"hey assistant, what is",search_web
"hey, do you know the time",time
please go to,open_app
"hey assistant, tell me the forecast",weather
"ok, good evening right now",greeting
"hey, show me on youtube",open_app
just could you tell me the time,time
just find information about,search_web
who is today,search_web
"hey assistant, set a timer",set_alarm
"hey, what is the time tomorrow",time
would you mind if you do i need an umbrella,weather
just top of the morning buddy,greeting
i need you to set an alarm on spotify,set_alarm
"hey assistant, tell me a joke quickly",joke
can you say a joke please,joke
please can you google,search_web
please current time please about dogs,time
"hey, what time is it",time
please play a song today,play_music
what is the time,time
"hey, tell me the forecast",weather
see ya,farewell
would you mind if you catch you later,farewell
please have a good one,farewell
would you mind if you tell me the forecast,weather
i need you to greetings tomorrow,greeting
"hey, google about dogs",search_web
i need you to good evening about space,greeting
just could you tell me the time,time
"hey assistant, put on a playlist friend",play_music
just remind me about dogs,set_alarm
would you mind if you see you later,farewell
would you mind if you tell me something funny,joke
"hey assistant, farewell",farewell
just tell me about buddy,search_web
please catch you later,farewell
just shuffle my songs,play_music
"hey, start playing music on spotify",play_music
i need you to current time please assistant,time
just could you tell me the time for 10 minutes,time
"hey assistant, start playing music",play_music
could you shuffle my songs,play_music
would you mind if you new alarm,set_alarm
boot up at 7 am,open_app
"ok, how are you for me",greeting
search the web for buddy,search_web
"hey assistant, how is the weather",weather
"ok, set an alarm",set_alarm
just open up buddy,open_app
just tell me the forecast,weather
can you play a song,play_music
"hey, timer for",set_alarm
i need you to hiya about space,greeting
"hey, do i need an umbrella please",weather
"ok, bye",farewell
"hey assistant, timer for",set_alarm
"ok, tell me the time for 10 minutes",time
"hey, do you know the time",time
can you tell me the forecast,weather
just remind me in london,set_alarm
can you hey on spotify,greeting
please timer for,set_alarm
would you mind if you google,search_web
"hey assistant, how is the weather",weather
can you hey for 10 minutes,greeting
show me please,open_app
do you know any jokes please,joke
"ok, say a joke about space",joke
can you shuffle my songs today,play_music
can you say a joke right now,joke
would you mind if you bye bye buddy,farewell
i need you to gotta go about dogs,farewell
"ok, find information about",search_web
just timer for for 10 minutes,set_alarm
"hey, how are you",greeting
open the app,open_app
"hey assistant, start on spotify",open_app
please tell me something funny on youtube,joke
could you current time please,time
tell me the time please,time
can you could you tell me the time,time
please set a timer,set_alarm
"hey assistant, what's the clock say",time
"ok, is it sunny",weather
i need you to look up,search_web
what is the temperature,weather
please can you open tomorrow,open_app
just see you later right now,farewell
please see you later,farewell
"ok, tell me about",search_web
just what's the weather like,weather
can you resume playback now,play_music
i need you to how are you,greeting
"ok, i'm leaving today",farewell
please go to today,open_app
show me in new york,open_app
could you set an alarm assistant,set_alarm
just hey,greeting
search for buddy,search_web
"hey, shuffle my songs",play_music
could you what's the clock say,time
could you make me laugh,joke
see you later,farewell
"ok, play some tunes in new york",play_music
set an alarm,set_alarm
could you search for please,search_web
"hey, tell me something funny assistant",joke
tell me the time,time
i need you to what's the weather like tomorrow,weather
i need you to what is quickly,search_web
"hey, find information about now",search_web
would you mind if you music please in new york,play_music
just could you tell me the time,time
would you mind if you have a good one buddy,farewell
just current time please,time
can you current time please at 7 am,time
please play a song,play_music
"ok, what is the time about dogs",time
"hey, crack a joke in new york",joke
i need you to could you tell me the time,time
i need you to what time is it buddy,time
could you what time is it friend,time
"ok, what's the clock say",time
"ok, what is",search_web
please show me,open_app
would you mind if you resume playback,play_music
"ok, resume playback",play_music
"ok, what is the time about space",time
can you tell me something funny on spotify,joke
can you do you know any jokes for 10 minutes,joke
could you howdy,greeting
can you look up in london,search_web
"hey assistant, could you tell me the time",time
just tell me a joke,joke
could you make me laugh friend,joke
"ok, good morning for me",greeting
crack a joke on youtube,joke
just make me laugh,joke
could you tell me the time friend,time
please what's the clock say,time
i need you to go to for 10 minutes,open_app
"ok, what is",search_web
can you play some music,play_music
"hey assistant, i need a laugh",joke
i need you to bye,farewell
please find information about,search_web
i need you to what's the clock say friend,time
please wake me up in new york,set_alarm
can you what's the clock say for me,time
could you what is the temperature on spotify,weather
can you hi right now,greeting
"hey, gotta go",farewell
can you search the web for about dogs,search_web
"ok, tell me the time please",time
can you go to for 10 minutes,open_app
"hey assistant, time check",time
"hey, goodbye on youtube",farewell
would you mind if you is it sunny for 10 minutes,weather
can you open the app in new york,open_app
just put on a playlist,play_music
can you shuffle my songs,play_music
"hey, google",search_web
can you go to about space,open_app
"hey, crack a joke",joke
i need you to say a joke,joke
can you bye bye tomorrow,farewell
"hey, do i need an umbrella for 10 minutes",weather
"ok, open the app about dogs",open_app
can you google for 10 minutes,search_web
"hey, good morning",greeting
"hey assistant, wake me up now",set_alarm
"ok, search the web for on youtube",search_web
"hey assistant, set a timer",set_alarm
would you mind if you good afternoon in new york,greeting
just current time please quickly,time
"ok, add an alarm assistant",set_alarm
"ok, look up",search_web
please i need a laugh,joke
can you play a song on spotify,play_music
i need you to find information about,search_web
"ok, tell me about on youtube",search_web
"ok, do you know the time",time
"hey assistant, tell me the forecast quickly",weather
just resume playback,play_music
can you catch you later,farewell
could you go to quickly,open_app
could you add an alarm tomorrow,set_alarm
"ok, play a song about dogs",play_music
just good morning,greeting
would you mind if you play some music,play_music
please is it raining outside,weather
is it raining outside,weather
"hey, top of the morning",greeting
just who is buddy,search_web
just start at 7 am,open_app
"hey assistant, shuffle my songs",play_music
"ok, set a timer today",set_alarm
please could you tell me the time for me,time
would you mind if you see ya tomorrow,farewell
"ok, how is the weather quickly",weather
"hey assistant, what is the temperature please",weather
would you mind if you what is today,search_web
just what time is it,time
would you mind if you good afternoon for me,greeting
"ok, gotta go",farewell
put on a playlist about space,play_music
i need you to start,open_app
just search the web for in london,search_web
"hey, set a timer right now",set_alarm
just start on spotify,open_app
greetings on youtube,greeting
"hey, goodbye",farewell
please start,open_app
do you know the time about space,time
can you i'm leaving,farewell
i need you to boot up,open_app
"ok, find information about",search_web
could you shuffle my songs in new york,play_music
could you look up,search_web
"ok, is it raining outside today",weather
can you timer for now,set_alarm
howdy tomorrow,greeting
just what time is it,time
"hey assistant, add an alarm",set_alarm
could you wake me up,set_alarm
just find information about,search_web
could you wake me up assistant,set_alarm
just find information about,search_web
"hey, search for",search_web
can you say a joke in london,joke
"ok, play a song right now",play_music
would you mind if you tell me the time,time
would you mind if you could you tell me the time quickly,time
can you show me today,open_app
"ok, set a timer",set_alarm
i need you to google,search_web
"hey, what's up",greeting
"ok, tell me a joke quickly",joke
just tell me something funny in london,joke
would you mind if you create a timer in london,set_alarm
i need you to boot up,open_app
would you mind if you search for,search_web
"hey, tell me something funny",joke
search the web for please,search_web
"hey assistant, what's the weather like quickly",weather
could you tell me the time please,time
please play some tunes,play_music
i need you to tell me a joke right now,joke
could you tell me the time tomorrow,time
please find information about today,search_web
please what is the temperature now,weather
please how are you tomorrow,greeting
please play some music on spotify,play_music
please what's the clock say,time
could you open the app,open_app
"hey assistant, tell me the forecast for 10 minutes",weather
"hey assistant, start playing music",play_music
i need you to how are you,greeting
would you mind if you is it sunny,weather
i need you to hi,greeting
please find information about,search_web
could you goodbye about space,farewell
just see you later,farewell
"hey assistant, play some tunes in london",play_music
can you play a song,play_music
just what's the weather like buddy,weather
would you mind if you what time is it,time
catch you later assistant,farewell
can you peace out,farewell
could you timer for,set_alarm
just hi buddy,greeting
"ok, how is the weather",weather
"ok, hey in new york",greeting
would you mind if you could you tell me the time,time
i need you to how are you,greeting
can you resume playback,play_music
would you mind if you do i need an umbrella,weather
please look up in london,search_web
could you make me laugh on spotify,joke
can you hi there,greeting
"hey, tell me a joke on spotify",joke
could you set an alarm friend,set_alarm
how are you at 7 am,greeting
catch you later today,farewell
would you mind if you hi at 7 am,greeting
would you mind if you play some tunes friend,play_music
"ok, search the web for about dogs",search_web
would you mind if you find information about on youtube,search_web
"hey assistant, is it raining outside assistant",weather
could you go to,open_app
"hey assistant, how are you",greeting
just who is at 7 am,search_web
please could you tell me the time for 10 minutes,time
would you mind if you show me,open_app
"ok, show me",open_app
just start,open_app
please how is the weather on youtube,weather
i need you to can you google,search_web
i need you to start playing music,play_music
would you mind if you see ya,farewell
please open the app,open_app
i need you to make me laugh for 10 minutes,joke
time check at 7 am,time
"hey, what is the time at 7 am",time
i need you to is it raining outside,weather
could you is it sunny about space,weather
can you set an alarm today,set_alarm
hello,greeting
"ok, i'm leaving",farewell
"hey assistant, current time please on youtube",time
would you mind if you timer for,set_alarm
"hey assistant, what is the time",time
could you make me laugh,joke
"hey, see ya",farewell
would you mind if you crack a joke in new york,joke
could you what's the weather like tomorrow,weather
i need you to hey,greeting
find information about on youtube,search_web
would you mind if you find information about about space,search_web
can you new alarm today,set_alarm
"hey, do you know the time",time
can you start buddy,open_app
can you remind me,set_alarm
"hey, search for for 10 minutes",search_web
"hey assistant, could you tell me the time",time
resume playback,play_music
please what time is it in new york,time
"ok, who is",search_web
"ok, look up for me",search_web
"hey, yo",greeting
would you mind if you can you open,open_app
"hey assistant, yo on spotify",greeting
i need you to add an alarm for me,set_alarm
just remind me,set_alarm
can you put on a playlist today,play_music
wake me up tomorrow,set_alarm
could you what's the weather like,weather
can you current time please now,time
"ok, yo today",greeting
"ok, time check tomorrow",time
could you bye,farewell
can you see you later today,farewell
please how are you,greeting
"ok, farewell buddy",farewell
would you mind if you google assistant,search_web
"hey, search the web for please",search_web
just find information about,search_web
"hey assistant, current time please",time
please crack a joke today,joke
"ok, is it raining outside friend",weather
"hey, what's the clock say",time
please go to,open_app
just set a timer,set_alarm
could you put on a playlist,play_music
"ok, have a good one please",farewell
would you mind if you launch,open_app
"hey, i'm leaving on youtube",farewell
"hey assistant, bye bye on spotify",farewell
would you mind if you tell me about,search_web
"ok, music please buddy",play_music
could you tell me the forecast,weather
would you mind if you add an alarm on spotify,set_alarm
would you mind if you show me,open_app
i need you to what's the clock say for me,time
could you add an alarm,set_alarm
could you how are you,greeting
can you current time please,time
"hey assistant, find information about",search_web
i need you to what's up,greeting
please do you know any jokes,joke
i need you to who is assistant,search_web
"ok, search for today",search_web
"hey, timer for",set_alarm
would you mind if you tell me the forecast for 10 minutes,weather
"hey assistant, search for on spotify",search_web
"hey, play some tunes",play_music
"ok, what is the time for me",time
can you timer for,set_alarm
please add an alarm,set_alarm
"ok, set a timer about space",set_alarm
"ok, resume playback on spotify",play_music
"ok, is it raining outside friend",weather
please is it sunny,weather
"ok, search for tomorrow",search_web
"hey, start",open_app
would you mind if you tell me something funny in new york,joke
i need you to have a good one in new york,farewell
could you tell me the time,time
how is the weather,weather
could you can you google on spotify,search_web
"hey, tell me about buddy",search_web
"hey, tell me the forecast",weather
please yo right now,greeting
i need you to start playing music,play_music
"hey assistant, good evening",greeting
play some music for 10 minutes,play_music
would you mind if you i'm leaving for me,farewell
just who is,search_web
can you tell me about about dogs,search_web
"hey, start playing music",play_music
"ok, do you know the time tomorrow",time
"ok, top of the morning on youtube",greeting
i need you to could you tell me the time for 10 minutes,time
could you add an alarm,set_alarm
"hey assistant, hi",greeting
howdy for me,greeting
can you look up,search_web
could you see ya friend,farewell
"ok, i'm leaving",farewell
can you open up,open_app
just tell me a joke,joke
just start buddy,open_app
can you find information about in new york,search_web
is it raining outside quickly,weather
please hello,greeting
please good morning for me,greeting
"ok, do you know any jokes",joke
just open the app about space,open_app
i need you to hi please,greeting
tell me the forecast,weather
"ok, search for on youtube",search_web
could you say a joke,joke
"hey, what time is it",time
just do you know any jokes,joke
"hey, is it sunny",weather
"hey assistant, do i need an umbrella",weather
music please,play_music
i need you to say a joke,joke
i need you to bye buddy,farewell
"hey, is it sunny in london",weather
"hey assistant, tell me the forecast",weather
please hi in new york,greeting
tell me the forecast,weather
could you is it sunny buddy,weather
"ok, who is",search_web
would you mind if you start,open_app
can you start playing music now,play_music
greetings in new york,greeting
would you mind if you good evening,greeting
tell me the time,time
"ok, what is the temperature",weather
"hey assistant, open the app tomorrow",open_app
"hey assistant, i want to listen to music",play_music
what's the weather like about space,weather
can you what time is it,time
"hey, what is the temperature in new york",weather
"hey, play some music",play_music
can you current time please,time
open the app,open_app
could you who is please,search_web
"hey assistant, talk to you soon buddy",farewell
"hey assistant, play some music buddy",play_music
would you mind if you how is the weather please,weather
please show me please,open_app
can you shuffle my songs about dogs,play_music
could you can you google,search_web
"ok, create a timer on youtube",set_alarm
"hey, start",open_app
"hey assistant, tell me about",search_web
i need you to can you google,search_web
"hey, launch",open_app
"ok, could you tell me the time about dogs",time
could you say a joke on spotify,joke
could you say a joke quickly,joke
please do you know the time at 7 am,time
can you farewell quickly,farewell
can you howdy in new york,greeting
could you i need a laugh on spotify,joke
"ok, look up on youtube",search_web
just tell me something funny at 7 am,joke
"ok, tell me the forecast tomorrow",weather
would you mind if you how is the weather,weather
how is the weather right now,weather
could you have a good one in london,farewell
i need you to is it sunny,weather
can you tell me the forecast buddy,weather
hello,greeting
can you is it raining outside,weather
i need you to look up at 7 am,search_web
"hey, yo",greeting
please open up,open_app
would you mind if you search for about space,search_web
new alarm,set_alarm
just who is for 10 minutes,search_web
timer for,set_alarm
would you mind if you look up,search_web
please goodbye tomorrow,farewell
"ok, who is",search_web
"ok, search for",search_web
"hey, google",search_web
could you hi now,greeting
can you tell me something funny about dogs,joke
just play some tunes please,play_music
just play a song,play_music
could you search the web for,search_web
can you add an alarm today,set_alarm
would you mind if you what is the temperature,weather
i need you to start,open_app
"ok, current time please about space",time
would you mind if you how is the weather tomorrow,weather
could you see you later,farewell
would you mind if you what's up,greeting
just open the app on youtube,open_app
i need you to tell me a joke,joke
just play some tunes today,play_music
"hey assistant, goodbye on youtube",farewell
just who is for me,search_web
could you bye,farewell
would you mind if you current time please quickly,time
would you mind if you remind me,set_alarm
can you what's the clock say friend,time
"hey assistant, is it raining outside",weather
"ok, open the app",open_app
just hi there right now,greeting
could you good evening,greeting
would you mind if you is it sunny buddy,weather
would you mind if you what is,search_web
just what's the clock say quickly,time
could you see you later for me,farewell
just have a good one today,farewell
i need you to current time please on youtube,time
"hey assistant, is it sunny",weather
"ok, open the app now",open_app
"ok, how is the weather",weather
could you how is the weather,weather
could you tell me something funny,joke
would you mind if you do you know any jokes for 10 minutes,joke
can you how are you for me,greeting
"hey assistant, good afternoon",greeting
"hey assistant, tell me about on spotify",search_web
just music please,play_music
"hey, i need a laugh for me",joke
can you tell me about on spotify,search_web
"hey, crack a joke in new york",joke
"hey assistant, put on a playlist friend",play_music
please new alarm on youtube,set_alarm
"ok, start playing music for 10 minutes",play_music
"hey, put on a playlist",play_music
"hey, is it sunny for me",weather
"ok, start playing music quickly",play_music
would you mind if you set a timer assistant,set_alarm
"hey assistant, peace out buddy",farewell
would you mind if you create a timer,set_alarm
"hey assistant, show me about dogs",open_app
could you do you know any jokes,joke
can you talk to you soon quickly,farewell
can you open the app,open_app
would you mind if you music please quickly,play_music
"hey, resume playback",play_music
i need you to play some music about space,play_music
i need you to have a good one,farewell
could you see you later,farewell
can you hello,greeting
"hey assistant, crack a joke",joke
i need you to peace out,farewell
can you hello,greeting
i need you to put on a playlist,play_music
"hey, tell me the forecast in new york",weather
please do you know any jokes,joke
"ok, crack a joke assistant",joke
just can you open assistant,open_app
"hey, bye bye in new york",farewell
can you look up,search_web
please can you open,open_app
please do you know the time,time
"hey assistant, good morning",greeting
please show me,open_app
would you mind if you farewell,farewell
boot up in new york,open_app
would you mind if you how is the weather,weather
"ok, do you know any jokes",joke
i need you to crack a joke buddy,joke
can you create a timer at 7 am,set_alarm
please what's the clock say,time
"hey assistant, add an alarm",set_alarm
i need you to start playing music about space,play_music
"hey, hi",greeting
have a good one,farewell
i need you to new alarm,set_alarm
i need you to show me,open_app
please shuffle my songs,play_music
could you music please,play_music
just crack a joke please,joke
open up today,open_app
"hey, tell me the time please",time
just play a song about dogs,play_music
could you what is the time in new york,time
i need you to current time please,time
please tell me a joke please,joke
just what is the time,time
please start,open_app
can you tell me the forecast,weather
could you talk to you soon about dogs,farewell
"ok, say a joke for me",joke
please make me laugh on spotify,joke
just what is the time right now,time
i need you to tell me a joke,joke
could you what's up friend,greeting
would you mind if you remind me,set_alarm
please tell me the time,time
i need you to hi there,greeting
just music please at 7 am,play_music
i need you to crack a joke about dogs,joke
"hey, do you know any jokes at 7 am",joke
i need you to resume playback,play_music
find information about,search_web
can you remind me for 10 minutes,set_alarm
"hey assistant, boot up",open_app
please timer for buddy,set_alarm
would you mind if you start for me,open_app
please play some tunes,play_music
"hey assistant, what is the temperature",weather
"ok, what is about dogs",search_web
what's the clock say,time
"hey assistant, tell me the time",time
i need you to timer for for 10 minutes,set_alarm
"hey assistant, bye bye",farewell
would you mind if you crack a joke,joke
"ok, look up",search_web
could you resume playback,play_music
just see you later,farewell
please howdy on youtube,greeting
i need you to what's up,greeting
"hey, tell me about",search_web
just set an alarm about dogs,set_alarm
just who is,search_web
"hey, i need a laugh for me",joke
would you mind if you open up in new york,open_app
please do you know the time,time
i need you to go to,open_app
good evening buddy,greeting
i need you to can you open for me,open_app
please go to,open_app
see you later,farewell
please look up,search_web
can you time check,time
"hey, tell me about on youtube",search_web
"hey, search the web for on spotify",search_web
"hey, create a timer in new york",set_alarm
is it raining outside,weather
just shuffle my songs,play_music
"hey, open the app",open_app
could you play a song friend,play_music
could you what is the temperature quickly,weather
i need you to do you know any jokes for 10 minutes,joke
can you remind me,set_alarm
"ok, look up please",search_web
i need you to boot up,open_app
"ok, search for tomorrow",search_web
would you mind if you start playing music about space,play_music
i need you to can you open,open_app
please do i need an umbrella assistant,weather
"hey, create a timer",set_alarm
can you launch,open_app
just hey,greeting
could you peace out now,farewell
find information about,search_web
"hey, new alarm",set_alarm
"ok, what is the time",time
"hey, bye",farewell
could you is it sunny about space,weather
"hey, talk to you soon",farewell
"hey, tell me a joke",joke
"hey, have a good one assistant",farewell
would you mind if you tell me a joke in london,joke
"ok, how are you about space",greeting
just tell me about,search_web
please boot up in london,open_app
please set a timer,set_alarm
can you what time is it,time
can you see you later for me,farewell
"hey assistant, tell me the time on spotify",time
would you mind if you how is the weather,weather
just gotta go in london,farewell
what is the temperature,weather
"ok, can you open",open_app
"hey assistant, top of the morning",greeting
i need you to what is on spotify,search_web
"ok, find information about for 10 minutes",search_web
create a timer assistant,set_alarm
can you play some tunes,play_music
create a timer friend,set_alarm
would you mind if you crack a joke buddy,joke
what's the clock say on youtube,time
"ok, new alarm",set_alarm
please can you google,search_web
just remind me,set_alarm
"hey, crack a joke buddy",joke
would you mind if you open the app quickly,open_app
would you mind if you resume playback,play_music
i need you to set an alarm today,set_alarm
would you mind if you who is friend,search_web
would you mind if you set a timer,set_alarm
please top of the morning in new york,greeting
go to please,open_app
would you mind if you is it sunny,weather
how are you in new york,greeting
just say a joke now,joke
"hey assistant, say a joke please",joke
just google in london,search_web
i need you to catch you later on spotify,farewell
current time please today,time
would you mind if you set a timer,set_alarm
could you what is the time in new york,time
i need you to start,open_app
can you could you tell me the time in london,time
just resume playback today,play_music
tell me the time today,time
can you i want to listen to music on spotify,play_music
just see ya,farewell
"hey, have a good one",farewell
can you i'm leaving,farewell
just can you open now,open_app
could you goodbye,farewell
would you mind if you current time please on youtube,time
i need you to good afternoon for 10 minutes,greeting
i need you to see ya,farewell
would you mind if you tell me the forecast today,weather
would you mind if you is it sunny about dogs,weather
"ok, open up",open_app
would you mind if you hello,greeting
"ok, set an alarm for 10 minutes",set_alarm
would you mind if you good afternoon,greeting
just bye bye tomorrow,farewell
would you mind if you time check quickly,time
"hey, wake me up on spotify",set_alarm
just do i need an umbrella in london,weather
can you top of the morning,greeting
"hey assistant, i want to listen to music for me",play_music
i need you to shuffle my songs right now,play_music
would you mind if you wake me up,set_alarm
play some tunes,play_music
could you shuffle my songs for me,play_music
"hey, crack a joke on youtube",joke
"hey assistant, goodbye on spotify",farewell
"hey, see you later",farewell
catch you later,farewell
just say a joke today,joke
just crack a joke,joke
"hey assistant, i need a laugh",joke
"hey assistant, open the app for 10 minutes",open_app
"ok, gotta go",farewell
can you hey,greeting
would you mind if you hi there,greeting
just add an alarm,set_alarm
can you current time please,time
tell me the time,time
just do you know the time,time
just open the app buddy,open_app
please can you google,search_web
i need you to tell me the forecast,weather
"ok, do you know any jokes",joke
"hey assistant, go to",open_app
i need you to peace out,farewell
can you search for,search_web
"hey assistant, how is the weather assistant",weather
please gotta go,farewell
please good morning today,greeting
please start,open_app
bye bye tomorrow,farewell
can you how are you,greeting
could you find information about tomorrow,search_web
i need you to new alarm,set_alarm
"hey assistant, i need a laugh",joke
could you is it sunny,weather
please set a timer,set_alarm
play some tunes,play_music
could you show me,open_app
would you mind if you yo buddy,greeting
"hey assistant, launch",open_app
i need you to i want to listen to music about space,play_music
"hey, tell me a joke",joke
would you mind if you start playing music,play_music
i need you to music please,play_music
would you mind if you google now,search_web
would you mind if you how is the weather,weather
could you crack a joke,joke
can you remind me,set_alarm
"hey assistant, say a joke now",joke
can you bye bye,farewell
please put on a playlist quickly,play_music
would you mind if you make me laugh now,joke
"ok, what time is it quickly",time
open up,open_app
"hey assistant, tell me the time for 10 minutes",time
"hey, put on a playlist",play_music
can you open up,open_app
"ok, is it raining outside",weather
would you mind if you new alarm quickly,set_alarm
please timer for,set_alarm
can you tell me a joke,joke
i need you to current time please buddy,time
just who is today,search_web
just gotta go,farewell
please current time please,time
"hey assistant, bye",farewell
"hey assistant, launch about dogs",open_app
"ok, what's the weather like tomorrow",weather
"hey, talk to you soon friend",farewell
"hey assistant, what's up now",greeting
i need you to google tomorrow,search_web
"hey, see ya",farewell
i need you to play some music on youtube,play_music
could you can you google,search_web
"hey, gotta go",farewell
could you start playing music friend,play_music
could you yo,greeting
could you is it raining outside,weather
would you mind if you hi,greeting
can you what time is it buddy,time
i need you to remind me,set_alarm
would you mind if you see you later,farewell
could you tell me the time for 10 minutes,time
could you goodbye,farewell
can you what's the clock say,time
just what is the time right now,time
could you timer for quickly,set_alarm
i need you to what is the temperature,weather
"ok, search the web for",search_web
how is the weather,weather
just play some tunes,play_music
can you bye bye for me,farewell
just good morning tomorrow,greeting
i need you to tell me something funny for me,joke
could you howdy friend,greeting
current time please quickly,time
just catch you later on spotify,farewell
can you crack a joke,joke
could you create a timer,set_alarm
could you google friend,search_web
could you see ya today,farewell
"ok, launch",open_app
shuffle my songs,play_music
hiya now,greeting
"ok, hi there",greeting
please goodbye,farewell
just have a good one please,farewell
could you yo on spotify,greeting
just launch in london,open_app
can you i want to listen to music for me,play_music
"hey assistant, tell me something funny",joke
could you see you later in london,farewell
crack a joke,joke
just search for,search_web
"hey, hello",greeting
i need you to start playing music,play_music
"ok, wake me up in new york",set_alarm
i need you to make me laugh,joke
i need you to catch you later,farewell
please resume playback on youtube,play_music
"hey assistant, good afternoon at 7 am",greeting
howdy please,greeting
please can you open,open_app
"hey, tell me something funny",joke
"hey, hiya right now",greeting
can you do you know the time,time
i need you to hi there,greeting
just tell me a joke now,joke
could you put on a playlist about space,play_music
just google,search_web
can you tell me the forecast,weather
can you is it raining outside,weather
could you go to in london,open_app
could you go to,open_app
"ok, start right now",open_app
can you can you open,open_app
would you mind if you play a song at 7 am,play_music
could you play some tunes,play_music
remind me,set_alarm
"ok, how is the weather",weather
please what is the time now,time
i need you to have a good one,farewell
just put on a playlist right now,play_music
please tell me a joke on youtube,joke
just tell me the forecast in new york,weather
would you mind if you create a timer please,set_alarm
"hey assistant, set an alarm please",set_alarm
please start playing music buddy,play_music
just set a timer,set_alarm
i need you to wake me up for me,set_alarm
can you goodbye about dogs,farewell
can you tell me something funny buddy,joke
can you tell me the forecast buddy,weather
could you google,search_web
set a timer please,set_alarm
"hey, goodbye about space",farewell
can you add an alarm,set_alarm
i need you to say a joke right now,joke
could you hello,greeting
hiya on spotify,greeting
just launch,open_app
please tell me a joke on spotify,joke
"hey assistant, what is tomorrow",search_web
"hey, open the app at 7 am",open_app
could you new alarm today,set_alarm
can you play a song in london,play_music
"hey assistant, see ya",farewell
"ok, show me for me",open_app
could you can you open assistant,open_app
"hey, tell me the forecast today",weather
"hey assistant, what is the temperature",weather
can you launch,open_app
"hey assistant, yo",greeting
tell me something funny now,joke
would you mind if you set a timer for 10 minutes,set_alarm
just open the app tomorrow,open_app
what's the clock say buddy,time
please howdy,greeting
launch,open_app
"ok, look up buddy",search_web
please see you later,farewell
new alarm right now,set_alarm
i need you to make me laugh about space,joke
just who is for me,search_web
"hey assistant, tell me the forecast",weather
please hi there,greeting
just tell me a joke buddy,joke
please remind me,set_alarm
just i need a laugh,joke
please good morning tomorrow,greeting
"ok, hi there",greeting
greetings today,greeting
"hey, put on a playlist",play_music
would you mind if you yo assistant,greeting
"hey, boot up at 7 am",open_app
"hey, resume playback about dogs",play_music
"hey assistant, see ya",farewell
"hey, add an alarm",set_alarm
"hey assistant, wake me up",set_alarm
"hey, do you know any jokes buddy",joke
can you current time please,time
could you do i need an umbrella for 10 minutes,weather
i need you to open the app now,open_app
could you tell me something funny,joke
i need you to have a good one now,farewell
please find information about,search_web
"hey, tell me the forecast",weather
just set a timer,set_alarm
say a joke in london,joke
i need you to good afternoon tomorrow,greeting
"ok, what's the clock say",time
"hey, what's the clock say quickly",time
"hey assistant, what's the clock say",time
"hey, tell me something funny",joke
please launch,open_app
can you who is for me,search_web
just is it sunny,weather
"hey assistant, wake me up in new york",set_alarm
please start in london,open_app
do you know any jokes assistant,joke
google,search_web
"hey, tell me something funny",joke
launch,open_app
can you can you open,open_app
"hey, is it sunny",weather
can you hello,greeting
"hey assistant, greetings",greeting
"ok, peace out",farewell
just start,open_app
could you who is,search_web
"hey assistant, set a timer",set_alarm
would you mind if you what is at 7 am,search_web
would you mind if you what time is it at 7 am,time
"hey, start",open_app
can you howdy about space,greeting
who is today,search_web
i need you to play some music quickly,play_music
please play a song,play_music
can you google on spotify,search_web
please create a timer,set_alarm
would you mind if you launch today,open_app
please search for assistant,search_web
"hey, goodbye",farewell
please launch friend,open_app
"ok, i need a laugh",joke
"hey, can you google at 7 am",search_web
please catch you later,farewell
"hey assistant, do you know any jokes",joke
could you yo on spotify,greeting
i need you to hey,greeting
can you top of the morning,greeting
please play some music,play_music
i need you to play a song,play_music
would you mind if you see you later about space,farewell
could you make me laugh,joke
would you mind if you tell me the time quickly,time
please tell me the time,time
"hey, start about space",open_app
i need you to google friend,search_web
can you make me laugh assistant,joke
"ok, i need a laugh",joke
"hey, set a timer now",set_alarm
i need you to can you google,search_web
would you mind if you have a good one at 7 am,farewell
i need you to google for me,search_web
good afternoon,greeting
could you tell me the time,time
could you new alarm,set_alarm
open up quickly,open_app
"hey assistant, look up",search_web
just tell me the time assistant,time
could you bye bye,farewell
"hey, show me quickly",open_app
"hey assistant, say a joke",joke
just do you know any jokes assistant,joke
"ok, what time is it friend",time
"hey, tell me something funny in new york",joke
could you do you know any jokes,joke
can you wake me up,set_alarm
just can you google,search_web
would you mind if you yo,greeting
just current time please,time
please show me assistant,open_app
would you mind if you greetings,greeting
can you bye bye about dogs,farewell
would you mind if you can you google,search_web
just what's the clock say,time
"ok, do you know the time buddy",time
just search for,search_web
i need you to tell me a joke friend,joke
"hey assistant, set an alarm on youtube",set_alarm
"hey, boot up",open_app
search for assistant,search_web
could you resume playback on spotify,play_music
"hey assistant, remind me",set_alarm
would you mind if you tell me something funny buddy,joke
"hey, could you tell me the time",time
could you how is the weather in new york,weather
please can you open tomorrow,open_app
could you add an alarm,set_alarm
just create a timer about space,set_alarm
i need you to could you tell me the time,time
"hey, what's the clock say",time
just do i need an umbrella on youtube,weather
just catch you later,farewell
"ok, open up",open_app
"hey assistant, can you google quickly",search_web
"hey, set an alarm",set_alarm
"hey assistant, search the web for",search_web
"hey, do i need an umbrella",weather
"hey, say a joke",joke
"hey, have a good one",farewell
just good morning on spotify,greeting
do i need an umbrella,weather
i need you to set a timer,set_alarm
would you mind if you remind me,set_alarm
can you set a timer,set_alarm
"hey, could you tell me the time for 10 minutes",time
can you can you google,search_web
"ok, show me",open_app
can you i want to listen to music,play_music
"ok, bye",farewell
"hey, launch quickly",open_app
could you greetings now,greeting
could you shuffle my songs,play_music
just crack a joke on youtube,joke
could you start quickly,open_app
boot up right now,open_app
just show me,open_app
could you i want to listen to music,play_music
"hey assistant, new alarm on spotify",set_alarm
"ok, open up in london",open_app
"hey assistant, do you know the time tomorrow",time
i need you to peace out now,farewell
what time is it,time
please shuffle my songs friend,play_music
could you catch you later tomorrow,farewell
can you new alarm,set_alarm
would you mind if you new alarm,set_alarm
i need you to how is the weather assistant,weather
"hey assistant, talk to you soon",farewell
"hey, crack a joke",joke
would you mind if you find information about friend,search_web
would you mind if you show me in london,open_app
start,open_app
could you i need a laugh in london,joke
just what's the weather like,weather
could you tell me the time,time
please see you later now,farewell
play a song,play_music
just hi there,greeting
could you music please,play_music
"ok, tell me something funny",joke
i need you to time check today,time
could you find information about about space,search_web
"hey assistant, tell me about on youtube",search_web
"hey assistant, i need a laugh",joke
"hey, start on spotify",open_app
just tell me the time about dogs,time
can you can you open,open_app
could you say a joke tomorrow,joke
can you find information about,search_web
would you mind if you is it raining outside buddy,weather
"ok, what time is it",time
i need you to current time please tomorrow,time
"hey, open up",open_app
just start playing music friend,play_music
"ok, could you tell me the time friend",time
"ok, make me laugh in london",joke
can you play some tunes,play_music
please what is,search_web
please go to on spotify,open_app
"hey, put on a playlist about space",play_music
would you mind if you see you later about dogs,farewell
"hey, hey",greeting
see you later,farewell
would you mind if you can you google buddy,search_web
could you tell me about quickly,search_web
could you make me laugh,joke
"ok, see you later",farewell
please howdy,greeting
just good evening,greeting
just can you google about dogs,search_web
"ok, set a timer on youtube",set_alarm
just current time please,time
hiya,greeting
please put on a playlist today,play_music
would you mind if you wake me up,set_alarm
"hey, current time please today",time
could you hiya assistant,greeting
can you set an alarm,set_alarm
just search the web for,search_web
"hey, what's the weather like",weather
please look up about space,search_web
can you bye bye,farewell
could you hi tomorrow,greeting
can you is it raining outside about dogs,weather
could you show me,open_app
can you goodbye,farewell
could you see you later,farewell
could you what's up right now,greeting
please google buddy,search_web
"hey, good evening",greeting
please open up assistant,open_app
just search the web for,search_web
can you i want to listen to music,play_music
just hiya right now,greeting
could you tell me the time on spotify,time
"hey, do you know the time",time
"hey, what time is it",time
i need you to new alarm today,set_alarm
please hiya on youtube,greeting
time check friend,time
could you look up,search_web
just open up,open_app
"hey assistant, add an alarm for me",set_alarm
is it sunny,weather
could you peace out,farewell
i need you to search for,search_web
please time check in new york,time
"hey, hey about dogs",greeting
i need you to farewell now,farewell
could you can you open,open_app
can you resume playback,play_music
i want to listen to music,play_music
please play some music,play_music
"ok, greetings at 7 am",greeting
"ok, what is",search_web
"ok, play a song",play_music
"hey assistant, new alarm",set_alarm
"hey assistant, current time please",time
"hey assistant, see you later",farewell
hi there tomorrow,greeting
tell me a joke,joke
can you can you open,open_app
would you mind if you play a song,play_music
just tell me a joke,joke
"ok, peace out",farewell
can you what time is it please,time
please look up for 10 minutes,search_web
please look up,search_web
can you do i need an umbrella in london,weather
would you mind if you remind me,set_alarm
can you start now,open_app
i need you to greetings,greeting
just say a joke about dogs,joke
"hey, boot up",open_app
can you good morning on spotify,greeting
please how is the weather assistant,weather
i need you to search the web for for 10 minutes,search_web
"ok, tell me the time right now",time
could you is it sunny about space,weather
hello at 7 am,greeting
can you boot up,open_app
can you set an alarm please,set_alarm
would you mind if you what is,search_web
play some music in new york,play_music
just tell me the forecast,weather
"ok, play some music",play_music
could you i'm leaving,farewell
"hey, tell me a joke",joke
"hey, who is about space",search_web
can you how is the weather,weather
i need you to look up,search_web
"hey assistant, i need a laugh",joke
could you launch,open_app
would you mind if you play some music,play_music
please start playing music on spotify,play_music
please start right now,open_app
"hey, play a song",play_music
"hey assistant, hi there",greeting
start,open_app
would you mind if you howdy quickly,greeting
can you tell me the time,time
"hey assistant, what time is it",time
can you say a joke,joke
just crack a joke about dogs,joke
can you tell me the time now,time
"hey, crack a joke right now",joke
can you top of the morning at 7 am,greeting
just put on a playlist,play_music
"ok, have a good one friend",farewell
"ok, can you google",search_web
could you howdy,greeting
just good evening,greeting
would you mind if you tell me about assistant,search_web
"hey, what is the temperature",weather
can you launch right now,open_app
could you search the web for for 10 minutes,search_web
could you crack a joke,joke
show me,open_app
can you set a timer,set_alarm
i need you to bye bye,farewell
would you mind if you open the app friend,open_app
"hey assistant, time check quickly",time
"ok, make me laugh on youtube",joke
"hey, have a good one at 7 am",farewell
what is the time for 10 minutes,time
i need you to play some tunes in new york,play_music
"hey assistant, open the app",open_app
can you i want to listen to music,play_music
can you could you tell me the time,time
"hey, could you tell me the time for 10 minutes",time
just resume playback,play_music
please crack a joke,joke
"hey, can you open",open_app
"hey assistant, start",open_app
"hey, time check for 10 minutes",time
can you greetings,greeting
can you catch you later friend,farewell
please create a timer tomorrow,set_alarm
would you mind if you is it raining outside now,weather
please create a timer,set_alarm
just shuffle my songs at 7 am,play_music
could you set an alarm,set_alarm
would you mind if you put on a playlist,play_music
can you bye bye,farewell
please top of the morning in new york,greeting
"hey, hiya",greeting
would you mind if you have a good one today,farewell
"hey assistant, make me laugh quickly",joke
just howdy now,greeting
just show me,open_app
would you mind if you play a song,play_music
can you say a joke on spotify,joke
i need you to what's the clock say quickly,time
"hey, can you open",open_app
"hey assistant, tell me something funny at 7 am",joke
"ok, play a song",play_music
shuffle my songs,play_music
do you know the time about space,time
i need you to set a timer please,set_alarm
can you wake me up,set_alarm
please open the app quickly,open_app
i need you to say a joke,joke
i need you to set a timer for me,set_alarm
"hey, see ya",farewell
i need you to set an alarm,set_alarm
"hey, hello in london",greeting
just what is the time in new york,time
"hey assistant, what time is it at 7 am",time
"hey, resume playback",play_music
who is,search_web
could you go to,open_app
i need you to shuffle my songs about space,play_music
just tell me about about dogs,search_web
please shuffle my songs,play_music
"hey, say a joke",joke
"ok, current time please",time
could you boot up assistant,open_app
"hey assistant, open up",open_app
"hey, open up friend",open_app
i need you to hello,greeting
could you tell me the time,time
i need you to time check about space,time
i need you to search the web for,search_web
i need you to wake me up,set_alarm
"hey assistant, see you later tomorrow",farewell
just i'm leaving in new york,farewell
just say a joke please,joke
just hiya,greeting
i need you to can you google,search_web
could you can you google,search_web
"hey, see you later on youtube",farewell
"hey assistant, search for",search_web
could you go to for 10 minutes,open_app
can you see you later please,farewell
"hey assistant, tell me the forecast",weather
please tell me about,search_web
would you mind if you open the app assistant,open_app
just remind me,set_alarm
just tell me the time friend,time
"hey assistant, do you know any jokes",joke
play some music for 10 minutes,play_music
"ok, put on a playlist",play_music
could you tell me about today,search_web
please see you later,farewell
just search the web for about space,search_web
would you mind if you have a good one at 7 am,farewell
"hey assistant, is it raining outside assistant",weather
find information about,search_web
i need you to crack a joke today,joke
tell me about please,search_web
i need you to bye bye please,farewell
please shuffle my songs,play_music
just do i need an umbrella for me,weather
"ok, start playing music in london",play_music
can you hello at 7 am,greeting
just what is,search_web
"ok, farewell in new york",farewell
"ok, put on a playlist",play_music
just open the app,open_app
can you do you know any jokes,joke
just what is the temperature,weather
"hey, set a timer",set_alarm
just tell me something funny in new york,joke
i need you to i need a laugh for 10 minutes,joke
could you crack a joke please,joke
would you mind if you shuffle my songs for me,play_music
"hey assistant, look up for me",search_web
please play some tunes,play_music
"hey, peace out at 7 am",farewell
"hey assistant, i want to listen to music",play_music
just is it sunny about dogs,weather
please current time please tomorrow,time
just tell me the time,time
"hey, start",open_app
"hey, what time is it buddy",time
can you do you know the time,time
could you bye,farewell
can you hello at 7 am,greeting
i need you to who is,search_web
"hey, howdy quickly",greeting
can you who is,search_web
please talk to you soon,farewell
talk to you soon friend,farewell
"ok, do you know any jokes today",joke
say a joke in new york,joke
please start,open_app
can you open up,open_app
how is the weather,weather
start,open_app
"hey, shuffle my songs",play_music
i'm leaving please,farewell
i need you to boot up,open_app
goodbye at 7 am,farewell
can you remind me friend,set_alarm
would you mind if you play some music tomorrow,play_music
"hey, go to",open_app
crack a joke,joke
please say a joke,joke
"hey assistant, make me laugh at 7 am",joke
"hey, i need a laugh at 7 am",joke
"hey, what's the clock say",time
please howdy quickly,greeting
"hey, crack a joke",joke
would you mind if you i need a laugh today,joke
"ok, set an alarm for 10 minutes",set_alarm
would you mind if you could you tell me the time about dogs,time
"hey, open the app",open_app
could you hi there,greeting
just timer for assistant,set_alarm
"hey assistant, open the app quickly",open_app
"hey, hiya",greeting
would you mind if you tell me the time,time
can you do you know any jokes,joke
can you search the web for for me,search_web
i need you to search the web for today,search_web
just see ya,farewell
"hey, bye bye",farewell
"hey assistant, what's the clock say",time
"ok, time check today",time
"hey assistant, search for on youtube",search_web
can you i want to listen to music on youtube,play_music
would you mind if you shuffle my songs please,play_music
just add an alarm,set_alarm
"ok, do you know the time",time
"hey, yo",greeting
i need you to hi there,greeting
"hey assistant, add an alarm about dogs",set_alarm
could you current time please,time
just find information about,search_web
"ok, crack a joke in new york",joke
can you hello,greeting
could you make me laugh about dogs,joke
could you what's the weather like today,weather
open up,open_app
"ok, hiya please",greeting
"hey, goodbye",farewell
could you greetings tomorrow,greeting
could you i'm leaving,farewell
"ok, yo",greeting
"hey, search for",search_web
would you mind if you hello,greeting
open up,open_app
can you search the web for in london,search_web
"ok, i need a laugh friend",joke
i need you to time check buddy,time
could you open up in new york,open_app
i need you to look up today,search_web
would you mind if you make me laugh,joke
can you resume playback,play_music
"hey assistant, bye",farewell
just could you tell me the time at 7 am,time
could you how is the weather,weather
"ok, start playing music",play_music
please say a joke,joke
just what's the clock say,time
i need you to resume playback,play_music
please show me friend,open_app
just put on a playlist quickly,play_music
"ok, i want to listen to music at 7 am",play_music
could you play some tunes on spotify,play_music
would you mind if you set an alarm in new york,set_alarm
"ok, how are you",greeting
can you new alarm,set_alarm
please start now,open_app
"ok, howdy on spotify",greeting
would you mind if you bye in london,farewell
"hey, hi",greeting
can you what's the weather like about dogs,weather
can you tell me something funny now,joke
"hey assistant, could you tell me the time about dogs",time
could you open the app,open_app
"hey, how are you",greeting
"hey assistant, do i need an umbrella today",weather
can you what time is it assistant,time
"hey, tell me about",search_web
could you hello please,greeting
can you i'm leaving,farewell
"hey, could you tell me the time",time
would you mind if you set an alarm,set_alarm
would you mind if you look up for me,search_web
can you google on youtube,search_web
can you good morning,greeting
"hey, go to",open_app
please play some music tomorrow,play_music
"ok, good evening",greeting
i need you to good morning,greeting
can you play a song tomorrow,play_music
"ok, how is the weather assistant",weather
"ok, do you know any jokes friend",joke
could you new alarm,set_alarm
launch,open_app
search for,search_web
can you open the app about dogs,open_app
search the web for friend,search_web
"hey assistant, can you google for me",search_web
please how is the weather in london,weather
please shuffle my songs,play_music
would you mind if you show me,open_app
"ok, could you tell me the time",time
could you tell me the time,time
"ok, what is the temperature",weather
"hey assistant, start",open_app
could you do you know any jokes assistant,joke
please current time please,time
goodbye please,farewell
i need you to hi please,greeting
set a timer quickly,set_alarm
just tell me something funny,joke
can you hey,greeting
please show me now,open_app
would you mind if you shuffle my songs,play_music
just say a joke,joke
could you tell me the time for 10 minutes,time
i need you to i want to listen to music,play_music
could you what is the temperature for me,weather
"ok, tell me about today",search_web
would you mind if you music please for me,play_music
can you what's up,greeting
please create a timer quickly,set_alarm
please hey,greeting
"hey, tell me the time assistant",time
just i'm leaving right now,farewell
"ok, search for for 10 minutes",search_web
just goodbye,farewell
"ok, do you know any jokes today",joke
would you mind if you timer for,set_alarm
just farewell please,farewell
would you mind if you set a timer buddy,set_alarm
i need you to see ya for me,farewell
would you mind if you crack a joke right now,joke
"hey assistant, shuffle my songs tomorrow",play_music
could you make me laugh about space,joke
what time is it,time
"hey assistant, tell me the forecast friend",weather
do you know the time,time
would you mind if you put on a playlist buddy,play_music
can you tell me the time,time
set a timer now,set_alarm
please what time is it in new york,time
could you current time please,time
"ok, what is for me",search_web
"ok, catch you later please",farewell
i need you to tell me the time,time
"hey assistant, how are you",greeting
hi,greeting
would you mind if you is it sunny,weather
"hey, add an alarm",set_alarm
could you make me laugh now,joke
i need you to tell me the time today,time
i need you to search the web for please,search_web
can you current time please now,time
just start playing music today,play_music
could you boot up,open_app
can you catch you later,farewell
howdy,greeting
i need you to do you know any jokes at 7 am,joke
i need you to search for,search_web
can you start at 7 am,open_app
new alarm,set_alarm
"hey assistant, put on a playlist about dogs",play_music
please boot up buddy,open_app
i need you to tell me the forecast,weather
could you play some tunes,play_music
i need you to do you know the time,time
"hey assistant, goodbye in new york",farewell
i need you to is it sunny on spotify,weather
"ok, i need a laugh",joke
just tell me the time please,time
would you mind if you i need a laugh tomorrow,joke
please start today,open_app
please go to,open_app
could you set a timer in london,set_alarm
"ok, find information about on youtube",search_web
please make me laugh,joke
is it sunny friend,weather
"ok, goodbye right now",farewell
who is,search_web
would you mind if you shuffle my songs at 7 am,play_music
"ok, music please at 7 am",play_music
please shuffle my songs,play_music
"ok, what is the temperature in new york",weather
"hey, boot up at 7 am",open_app
please farewell for me,farewell
"ok, see you later",farewell
howdy in london,greeting
"ok, tell me a joke",joke
"ok, start on youtube",open_app
"hey assistant, boot up assistant",open_app
catch you later,farewell
please i want to listen to music,play_music
could you talk to you soon,farewell
"hey assistant, play some music buddy",play_music
could you is it sunny tomorrow,weather
"hey assistant, shuffle my songs",play_music
"hey, what's up",greeting
can you google now,search_web
can you howdy,greeting
"ok, say a joke for me",joke
"ok, goodbye about dogs",farewell
"hey assistant, see ya",farewell
"hey assistant, do i need an umbrella assistant",weather
"hey assistant, show me",open_app
can you search for,search_web
just what time is it,time
please create a timer about dogs,set_alarm
"hey, find information about",search_web
please add an alarm,set_alarm
"hey assistant, hi there please",greeting
would you mind if you create a timer today,set_alarm
"ok, good afternoon please",greeting
could you hello,greeting
can you do you know the time,time
please timer for,set_alarm
"hey assistant, greetings",greeting
i need you to catch you later today,farewell
find information about,search_web
"hey, what is the temperature",weather
could you what's the clock say now,time
please time check,time
please new alarm for me,set_alarm
would you mind if you do you know the time,time
"hey, tell me the forecast now",weather
would you mind if you shuffle my songs friend,play_music
could you set a timer,set_alarm
just launch,open_app
i need you to what's up,greeting
would you mind if you howdy,greeting
"hey, what's the clock say",time
could you see ya buddy,farewell
can you open the app,open_app
i need you to see you later,farewell
just make me laugh assistant,joke
i need you to have a good one in new york,farewell
"hey assistant, say a joke about space",joke
would you mind if you do i need an umbrella for me,weather
please current time please for me,time
just do you know the time,time
"hey assistant, bye bye",farewell
just could you tell me the time for me,time
"ok, do you know the time",time
"hey, start on spotify",open_app
do i need an umbrella friend,weather
can you google tomorrow,search_web
"hey assistant, tell me a joke",joke
can you search the web for now,search_web
please tell me about in london,search_web
just gotta go,farewell
can you hi,greeting
i need you to start right now,open_app
please play some tunes about space,play_music
can you add an alarm,set_alarm
music please,play_music
could you play a song today,play_music
i need you to wake me up in new york,set_alarm
"hey, goodbye on spotify",farewell
"hey assistant, add an alarm",set_alarm
i need you to bye bye buddy,farewell
just timer for,set_alarm
would you mind if you what time is it for me,time
could you good evening,greeting
can you what time is it about space,time
can you see you later,farewell
"hey, catch you later",farewell
would you mind if you boot up about dogs,open_app
"hey, open the app about space",open_app
could you what's the weather like,weather
can you google assistant,search_web
i need you to time check now,time
"hey, tell me about quickly",search_web
i need you to can you google,search_web
"hey, how is the weather in london",weather
"hey, what's the weather like",weather
"hey assistant, open up",open_app
"hey, i need a laugh assistant",joke
could you what's the weather like,weather
can you bye bye,farewell
"ok, hiya",greeting
"hey assistant, go to about dogs",open_app
music please now,play_music
just what's the clock say,time
just put on a playlist for 10 minutes,play_music
"hey assistant, who is about dogs",search_web
i need you to play a song at 7 am,play_music
add an alarm,set_alarm
set an alarm,set_alarm
please new alarm,set_alarm
i need you to greetings for 10 minutes,greeting
would you mind if you time check,time
"hey, create a timer friend",set_alarm
set a timer about dogs,set_alarm
"ok, hey",greeting
would you mind if you do you know the time,time
"hey assistant, what is the temperature",weather
"hey, i'm leaving",farewell
just crack a joke on spotify,joke
"hey assistant, open up",open_app
"hey assistant, can you open in new york",open_app
"hey assistant, start playing music today",play_music
i need you to play a song friend,play_music
"hey assistant, is it sunny",weather
please search the web for in new york,search_web
go to quickly,open_app
please do you know the time,time
could you add an alarm about space,set_alarm
just tell me the forecast right now,weather
please play a song,play_music
"hey, hiya",greeting
could you yo,greeting
would you mind if you search for,search_web
please do you know any jokes,joke
"ok, open up",open_app
do you know the time,time
"hey assistant, good evening in london",greeting
could you launch friend,open_app
top of the morning,greeting
could you wake me up buddy,set_alarm
i need you to tell me about right now,search_web
"ok, can you open about space",open_app
i need you to howdy today,greeting
"hey assistant, what's the weather like quickly",weather
"hey assistant, start playing music at 7 am",play_music
can you can you open,open_app
"ok, crack a joke",joke
could you do i need an umbrella,weather
could you start,open_app
"hey assistant, is it raining outside",weather
i need you to what is the time,time
"hey assistant, bye",farewell
just who is at 7 am,search_web
say a joke,joke
"hey, create a timer at 7 am",set_alarm
can you hey about space,greeting
can you search the web for,search_web
"hey assistant, what's the weather like",weather
could you set an alarm,set_alarm
could you set an alarm,set_alarm
"hey assistant, crack a joke",joke
would you mind if you create a timer assistant,set_alarm
could you is it raining outside for me,weather
could you what's the weather like,weather
"hey, add an alarm buddy",set_alarm
please what's the weather like,weather
i need you to do i need an umbrella,weather
can you peace out for 10 minutes,farewell
tell me about,search_web
would you mind if you start on youtube,open_app
set a timer,set_alarm
set a timer,set_alarm
"hey, current time please in new york",time
please find information about,search_web
i want to listen to music,play_music
can you music please now,play_music
could you have a good one for me,farewell
"ok, play some music",play_music
just go to,open_app
would you mind if you have a good one,farewell
can you play some tunes assistant,play_music
i need you to play some music,play_music
just make me laugh about dogs,joke
could you time check,time
could you see you later,farewell
"hey, hiya on spotify",greeting
just boot up,open_app
could you resume playback about space,play_music
please how is the weather,weather
can you see you later,farewell
can you bye right now,farewell
"ok, good morning quickly",greeting
can you open the app,open_app
would you mind if you top of the morning,greeting
please hiya on youtube,greeting
"hey, bye bye on youtube",farewell
can you could you tell me the time,time
could you do you know the time at 7 am,time
please start playing music assistant,play_music
"ok, what time is it for me",time
i need you to tell me the time,time
"hey, remind me at 7 am",set_alarm
is it raining outside buddy,weather
"hey assistant, do i need an umbrella",weather
just good evening about space,greeting
"hey, crack a joke now",joke
music please now,play_music
just add an alarm today,set_alarm
would you mind if you set a timer,set_alarm
i need you to what's the clock say buddy,time
i need you to could you tell me the time,time
would you mind if you time check,time
"ok, do you know the time now",time
i need you to launch,open_app
"hey, see you later",farewell
could you create a timer tomorrow,set_alarm
i need you to i'm leaving,farewell
"ok, could you tell me the time at 7 am",time
please what is the temperature,weather
could you what's the clock say in london,time
i need you to what time is it,time
"hey, remind me quickly",set_alarm
please wake me up,set_alarm
just catch you later please,farewell
"hey, good evening friend",greeting
can you tell me the time,time
could you tell me the time on youtube,time
can you resume playback quickly,play_music
just what's the clock say,time
"hey assistant, who is tomorrow",search_web
"ok, see ya",farewell
i need you to tell me a joke,joke
i want to listen to music,play_music
"hey, start about space",open_app
would you mind if you can you google,search_web
i need you to new alarm in london,set_alarm
can you go to for me,open_app
could you do i need an umbrella,weather
could you what's the clock say,time
is it raining outside,weather
"hey assistant, bye",farewell
please resume playback tomorrow,play_music
just music please tomorrow,play_music
"hey, have a good one",farewell
"hey, go to tomorrow",open_app
can you current time please now,time
i need you to good morning,greeting
could you yo please,greeting
please good afternoon quickly,greeting
just set a timer,set_alarm
"ok, bye on spotify",farewell
please what is the time friend,time
i need a laugh quickly,joke
"hey, what's the clock say",time
would you mind if you hello,greeting
would you mind if you start friend,open_app
just is it raining outside buddy,weather
i need you to crack a joke buddy,joke
would you mind if you is it sunny,weather
"ok, see ya quickly",farewell
i need you to start,open_app
just what is the temperature,weather
can you bye,farewell
could you say a joke,joke
"hey, how is the weather",weather
just say a joke friend,joke
would you mind if you create a timer today,set_alarm
"ok, tell me something funny now",joke
would you mind if you show me,open_app
"ok, how are you assistant",greeting
just hi in new york,greeting
can you is it sunny about dogs,weather
can you who is,search_web
can you i need a laugh,joke
just can you open on youtube,open_app
find information about for me,search_web
"ok, boot up at 7 am",open_app
could you tell me something funny on youtube,joke
"ok, see you later",farewell
"hey, resume playback assistant",play_music
please new alarm for 10 minutes,set_alarm
would you mind if you hiya for me,greeting
"hey assistant, what's up for me",greeting
"hey, boot up in london",open_app
"hey, have a good one about space",farewell
howdy about dogs,greeting
"hey assistant, music please in london",play_music
can you go to buddy,open_app
"hey assistant, say a joke",joke
"hey assistant, google right now",search_web
i need you to set a timer quickly,set_alarm
i need you to tell me a joke,joke
"hey assistant, tell me a joke",joke
"hey, hiya",greeting
i need you to say a joke on spotify,joke
tell me the time,time
time check,time
"hey, resume playback now",play_music
"hey assistant, make me laugh in new york",joke
please wake me up,set_alarm
just crack a joke,joke
would you mind if you good afternoon,greeting
please crack a joke about space,joke
just play a song,play_music
could you what's the weather like about dogs,weather
set an alarm,set_alarm
"ok, hi at 7 am",greeting
"hey, bye bye",farewell
"ok, what's the weather like",weather
"hey assistant, see ya buddy",farewell
"hey assistant, can you google",search_web
would you mind if you howdy now,greeting
would you mind if you see ya,farewell
can you hello buddy,greeting
can you open up,open_app
"hey assistant, put on a playlist in new york",play_music
i need you to what time is it,time
just add an alarm at 7 am,set_alarm
"hey assistant, create a timer at 7 am",set_alarm
can you do you know the time,time
would you mind if you add an alarm,set_alarm
could you start assistant,open_app
bye bye,farewell
"hey assistant, how is the weather",weather
would you mind if you good evening,greeting
just go to,open_app
"hey, new alarm",set_alarm
could you open up,open_app
please tell me the forecast,weather
could you look up,search_web
can you set a timer,set_alarm
please hello,greeting
can you tell me the time about space,time
could you is it sunny about dogs,weather
i need you to find information about quickly,search_web
please i need a laugh quickly,joke
just new alarm,set_alarm
could you what is the time on youtube,time
can you could you tell me the time,time
would you mind if you do you know any jokes,joke
can you have a good one,farewell
howdy,greeting
would you mind if you talk to you soon,farewell
please music please buddy,play_music
"hey assistant, create a timer",set_alarm
"hey assistant, i need a laugh",joke
"ok, look up about dogs",search_web
"hey assistant, do i need an umbrella buddy",weather
please good afternoon,greeting
please tell me a joke,joke
i need you to make me laugh,joke
please peace out,farewell
could you crack a joke,joke
would you mind if you howdy assistant,greeting
"ok, tell me a joke about space",joke
please tell me something funny,joke
could you tell me something funny,joke
could you i'm leaving,farewell
"ok, play some tunes buddy",play_music
would you mind if you set a timer right now,set_alarm
just hi there tomorrow,greeting
would you mind if you add an alarm,set_alarm
would you mind if you play some tunes,play_music
i need you to what is at 7 am,search_web
please talk to you soon,farewell
"hey, start in new york",open_app
"hey assistant, boot up on spotify",open_app
"hey, greetings now",greeting
hi there quickly,greeting
please timer for quickly,set_alarm
"ok, is it sunny",weather
"hey, see ya",farewell
"hey assistant, do you know any jokes",joke
"hey assistant, play some tunes right now",play_music
"hey, do you know any jokes about dogs",joke
could you timer for on youtube,set_alarm
"hey, tell me about",search_web
just make me laugh please,joke
can you do you know the time,time
"hey, can you google today",search_web
just what is the time about dogs,time
have a good one right now,farewell
"ok, put on a playlist in new york",play_music
would you mind if you what is the temperature assistant,weather
just tell me something funny,joke
current time please,time
i need you to do you know any jokes tomorrow,joke
please bye bye about space,farewell
"hey assistant, tell me a joke on spotify",joke
top of the morning assistant,greeting
would you mind if you have a good one on youtube,farewell
just create a timer for 10 minutes,set_alarm
"ok, is it raining outside",weather
would you mind if you set an alarm now,set_alarm
could you set a timer now,set_alarm
"hey, goodbye",farewell
please bye quickly,farewell
"hey assistant, time check",time
can you new alarm,set_alarm
"hey, open the app",open_app
just do you know any jokes right now,joke
"hey assistant, bye",farewell
please what is the time buddy,time
"ok, launch right now",open_app
i need you to google for me,search_web
please look up right now,search_web
please can you open,open_app
yo quickly,greeting
can you add an alarm,set_alarm
please music please,play_music
i need you to add an alarm,set_alarm
"ok, find information about",search_web
i need you to goodbye,farewell
could you open the app friend,open_app
could you what is,search_web
i need you to what's the clock say,time
"hey assistant, set a timer",set_alarm
"hey assistant, farewell",farewell
launch about dogs,open_app
"ok, set a timer in london",set_alarm
go to tomorrow,open_app
just good morning for me,greeting
google,search_web
please who is,search_web
can you say a joke,joke
would you mind if you put on a playlist,play_music
"ok, tell me the forecast now",weather
i need you to open the app,open_app
"hey, play some music",play_music
"hey assistant, crack a joke right now",joke
"ok, search the web for on youtube",search_web
please peace out on spotify,farewell
would you mind if you i need a laugh,joke
would you mind if you look up,search_web
i need you to what's the weather like quickly,weather
i need you to goodbye in new york,farewell
"hey assistant, good morning right now",greeting
just tell me a joke,joke
would you mind if you tell me something funny on youtube,joke
please make me laugh,joke
would you mind if you music please,play_music
please play a song now,play_music
please i'm leaving for 10 minutes,farewell
just hey,greeting
"hey assistant, could you tell me the time please",time
could you play a song friend,play_music
bye bye on youtube,farewell
could you what is,search_web
play a song,play_music
can you search the web for assistant,search_web
please shuffle my songs today,play_music
would you mind if you greetings in london,greeting
could you gotta go,farewell
would you mind if you resume playback,play_music
could you tell me something funny in new york,joke
could you can you open,open_app
"hey assistant, have a good one assistant",farewell
"hey assistant, play some music buddy",play_music
can you what's the clock say,time
please hello,greeting
can you tell me something funny buddy,joke
what's up,greeting
could you show me,open_app
what time is it friend,time
could you boot up,open_app
i need you to set a timer now,set_alarm
would you mind if you good afternoon,greeting
set an alarm,set_alarm
"ok, is it raining outside now",weather
would you mind if you hiya,greeting
please look up please,search_web
could you find information about,search_web
i need you to tell me the forecast right now,weather
i need you to look up,search_web
tell me the time in new york,time
i need you to remind me about space,set_alarm
could you bye bye today,farewell
would you mind if you search for,search_web
what is the temperature for me,weather
"hey assistant, is it sunny",weather
"ok, do you know the time",time
could you open the app,open_app
"hey assistant, tell me the forecast for me",weather
"hey assistant, greetings",greeting
could you what is,search_web
could you good morning,greeting
can you new alarm,set_alarm
i need you to time check,time
just search the web for,search_web
"ok, what is the time on youtube",time
can you do you know any jokes,joke
can you tell me the time tomorrow,time
could you wake me up quickly,set_alarm
"hey, go to for 10 minutes",open_app
just music please,play_music
i need you to i need a laugh,joke
who is right now,search_web
"hey assistant, do you know any jokes",joke
please howdy,greeting
"hey, tell me a joke",joke
"hey assistant, what's up for me",greeting
"hey assistant, farewell",farewell
i need you to can you open for me,open_app
"ok, is it sunny in new york",weather
just do you know any jokes,joke
just search for,search_web
just tell me the forecast,weather
could you play some tunes,play_music
can you hey buddy,greeting
find information about,search_web
please set an alarm now,set_alarm
hello at 7 am,greeting
"hey assistant, is it sunny at 7 am",weather
"hey, google",search_web
just hello today,greeting
can you talk to you soon,farewell
"hey, hello today",greeting
please start,open_app
would you mind if you google quickly,search_web
i need you to search for,search_web
just remind me today,set_alarm
would you mind if you tell me something funny at 7 am,joke
what's the weather like,weather
please do you know any jokes,joke
please goodbye today,farewell
can you see ya,farewell
"ok, i need a laugh on spotify",joke
"hey, make me laugh in london",joke
please what time is it now,time
please i'm leaving,farewell
i need you to do i need an umbrella,weather
i need you to tell me about in new york,search_web
i need you to put on a playlist,play_music
can you what time is it,time
what is the time quickly,time
just peace out,farewell
just current time please,time
could you play some music at 7 am,play_music
just what time is it,time
"hey assistant, have a good one for me",farewell
"ok, google buddy",search_web
could you go to friend,open_app
timer for,set_alarm
"hey, see you later",farewell
just make me laugh tomorrow,joke
i need you to tell me a joke assistant,joke
"hey, new alarm",set_alarm
launch,open_app
current time please,time
open the app,open_app
just make me laugh,joke
can you bye assistant,farewell
"hey, is it raining outside for 10 minutes",weather
can you i'm leaving,farewell
"ok, resume playback",play_music
"ok, boot up",open_app
i need you to put on a playlist in london,play_music
would you mind if you do you know the time,time
"hey assistant, is it sunny",weather
"hey, hi there",greeting
"ok, what's the weather like",weather
"hey assistant, how is the weather",weather
please what is the time,time
would you mind if you launch quickly,open_app
"ok, do you know the time for me",time
i need you to find information about,search_web
i need you to howdy at 7 am,greeting
could you add an alarm in new york,set_alarm
would you mind if you bye bye for 10 minutes,farewell
just tell me something funny in new york,joke
would you mind if you music please assistant,play_music
please hi,greeting
can you how are you in london,greeting
would you mind if you crack a joke for me,joke
"ok, current time please buddy",time
"hey assistant, play some music at 7 am",play_music
can you make me laugh,joke
"hey assistant, add an alarm on youtube",set_alarm
"hey assistant, could you tell me the time assistant",time
"hey assistant, how are you today",greeting
"hey, goodbye",farewell
just tell me the forecast,weather
please time check,time
"hey assistant, can you open",open_app
just resume playback today,play_music
"hey assistant, crack a joke for 10 minutes",joke
i need you to tell me a joke,joke
can you good afternoon please,greeting
could you tell me the time on youtube,time
"hey assistant, start playing music",play_music
current time please,time
"hey assistant, open the app right now",open_app
please open the app,open_app
just peace out,farewell
could you good morning,greeting
"hey, what's the weather like",weather
can you hi there please,greeting
"hey assistant, good morning about space",greeting
can you catch you later about space,farewell
would you mind if you bye bye quickly,farewell
can you open the app at 7 am,open_app
"hey, could you tell me the time please",time
can you do you know any jokes in london,joke
"ok, can you google now",search_web
please goodbye on spotify,farewell
just do i need an umbrella,weather
would you mind if you bye quickly,farewell
would you mind if you i need a laugh now,joke
would you mind if you find information about please,search_web
can you what is the temperature tomorrow,weather
just open the app tomorrow,open_app
could you find information about at 7 am,search_web
would you mind if you music please quickly,play_music
"ok, what is the temperature please",weather
just who is now,search_web
just what is the time,time
"ok, do you know any jokes",joke
tell me a joke,joke
please put on a playlist for me,play_music
could you what is the temperature,weather
"hey, farewell",farewell
just boot up,open_app
i need you to search the web for now,search_web
"ok, show me",open_app
"hey, catch you later on youtube",farewell
"ok, tell me the time",time
"hey assistant, farewell at 7 am",farewell
would you mind if you bye buddy,farewell
do i need an umbrella right now,weather
"hey assistant, i want to listen to music tomorrow",play_music
please say a joke in london,joke
"hey assistant, say a joke friend",joke
"hey assistant, hello for 10 minutes",greeting
"ok, bye please",farewell
"ok, tell me the time at 7 am",time
just tell me about in london,search_web
please can you open on spotify,open_app
just do i need an umbrella,weather
good afternoon in new york,greeting
"hey assistant, who is for me",search_web
"hey, can you google tomorrow",search_web
please timer for on spotify,set_alarm
just see you later about dogs,farewell
can you tell me about,search_web
just timer for,set_alarm
could you remind me,set_alarm
"hey, hiya",greeting
i need you to how is the weather,weather
i need you to put on a playlist on youtube,play_music
would you mind if you play some tunes,play_music
can you good afternoon,greeting
please what's up,greeting
can you tell me something funny,joke
just music please friend,play_music
please search for,search_web
please remind me assistant,set_alarm
can you search the web for right now,search_web
could you timer for,set_alarm
"ok, do you know the time",time
could you boot up assistant,open_app
"hey assistant, crack a joke about dogs",joke
"hey assistant, boot up",open_app
please who is,search_web
please peace out buddy,farewell
would you mind if you tell me something funny,joke
"hey, could you tell me the time",time
just tell me something funny please,joke
"hey assistant, open the app right now",open_app
could you can you open,open_app
please new alarm,set_alarm
just set an alarm for me,set_alarm
"hey, google",search_web
"hey, i'm leaving for 10 minutes",farewell
"ok, play some music",play_music
would you mind if you add an alarm,set_alarm
"hey, can you google about space",search_web
"hey assistant, new alarm",set_alarm
bye bye,farewell
could you do you know any jokes about space,joke
i need you to is it sunny for me,weather
could you google,search_web
could you do you know the time,time
would you mind if you goodbye about space,farewell
would you mind if you launch,open_app
"hey assistant, what time is it",time
can you do you know any jokes,joke
"hey, tell me something funny please",joke
can you create a timer now,set_alarm
could you tell me the forecast,weather
"hey, what's the clock say now",time
could you talk to you soon in new york,farewell
look up,search_web
can you top of the morning,greeting
can you good morning,greeting
what is the temperature now,weather
"hey, good evening",greeting
would you mind if you what's the clock say,time
"hey, play some tunes",play_music
could you have a good one about dogs,farewell
just can you open,open_app
tell me the forecast on spotify,weather
could you play some music quickly,play_music
"hey, wake me up",set_alarm
would you mind if you is it raining outside about space,weather
could you tell me the time tomorrow,time
"ok, can you open in london",open_app
could you open the app for 10 minutes,open_app
"ok, who is about dogs",search_web
"ok, what is the time about space",time
shuffle my songs,play_music
just howdy,greeting
would you mind if you how are you for 10 minutes,greeting
hey tomorrow,greeting
could you what time is it,time
"hey assistant, i'm leaving friend",farewell
"hey assistant, good evening please",greeting
could you is it raining outside,weather
please is it raining outside,weather
"ok, current time please",time
"ok, could you tell me the time",time
"hey, hi there friend",greeting
"ok, remind me please",set_alarm
i need you to is it sunny quickly,weather
please do you know any jokes friend,joke
"hey assistant, is it raining outside at 7 am",weather
could you what's the clock say,time
"ok, tell me a joke quickly",joke
could you what's the weather like in new york,weather
could you play a song please,play_music
"hey, tell me about",search_web
can you what time is it,time
please who is,search_web
"hey, search the web for",search_web
tell me the time,time
"hey, play a song",play_music
"hey, tell me about tomorrow",search_web
i need you to do you know the time,time
would you mind if you what's the weather like,weather
i need you to start in new york,open_app
could you tell me about right now,search_web
i need you to go to,open_app
"hey, what time is it",time
google,search_web
"ok, what is the time in new york",time
could you good morning today,greeting
"ok, set a timer",set_alarm
"hey assistant, wake me up",set_alarm
"hey, tell me the time in london",time
how is the weather about dogs,weather
could you what is,search_web
"hey assistant, could you tell me the time for me",time
just see ya,farewell
just shuffle my songs assistant,play_music
just good evening,greeting
would you mind if you how are you buddy,greeting
could you is it raining outside quickly,weather
can you open up,open_app
"ok, hey",greeting
"hey assistant, i need a laugh in new york",joke
"ok, howdy on youtube",greeting
please crack a joke quickly,joke
i need you to could you tell me the time about space,time
could you what's the clock say,time
i need you to do you know any jokes,joke
"hey assistant, could you tell me the time on spotify",time
"hey, wake me up",set_alarm
could you make me laugh,joke
can you set an alarm on youtube,set_alarm
"hey assistant, start",open_app
please tell me something funny in new york,joke
can you what time is it assistant,time
"hey assistant, current time please",time
what time is it for 10 minutes,time
would you mind if you start,open_app
boot up,open_app
"hey, set an alarm",set_alarm
can you is it raining outside,weather
play some music today,play_music
can you yo friend,greeting
just set a timer for me,set_alarm
would you mind if you what is the time,time
what is the temperature for 10 minutes,weather
could you howdy,greeting
i need you to good afternoon,greeting
i need you to gotta go please,farewell
could you who is,search_web
just how is the weather on youtube,weather
"hey, hello",greeting
please find information about,search_web
i need you to have a good one friend,farewell
please catch you later tomorrow,farewell
"hey, hi",greeting
"hey assistant, farewell",farewell
can you how is the weather,weather
can you put on a playlist buddy,play_music
would you mind if you find information about,search_web
would you mind if you open up please,open_app
"hey assistant, can you open assistant",open_app
"hey assistant, top of the morning today",greeting
"ok, tell me about",search_web
tell me something funny about space,joke
"hey assistant, is it raining outside please",weather
just what is the time,time
"hey assistant, put on a playlist",play_music
please find information about,search_web
please open up at 7 am,open_app
"hey, music please now",play_music
"hey assistant, could you tell me the time on youtube",time
could you what is the temperature,weather
would you mind if you good evening,greeting
"hey assistant, tell me something funny",joke
"hey, hello",greeting
"ok, say a joke on spotify",joke
could you search the web for,search_web
"ok, start playing music now",play_music
please greetings,greeting
i need you to talk to you soon,farewell
can you who is,search_web
just can you google,search_web
what is the temperature,weather
just launch on youtube,open_app
i need you to go to for me,open_app
i need you to can you open today,open_app
can you remind me right now,set_alarm
could you hello,greeting
tell me the time in london,time
would you mind if you set an alarm quickly,set_alarm
"hey assistant, open the app on youtube",open_app
boot up,open_app
please good morning,greeting
please can you open,open_app
please what is,search_web
can you show me for me,open_app
i need you to do you know the time,time
can you search the web for right now,search_web
just can you google,search_web
"ok, tell me the forecast please",weather
please show me buddy,open_app
just i want to listen to music right now,play_music
who is on spotify,search_web
"hey assistant, set an alarm for me",set_alarm
would you mind if you peace out,farewell
can you tell me something funny at 7 am,joke
i need you to search for,search_web
can you what time is it,time
would you mind if you what time is it,time
"hey, tell me the time assistant",time
just look up,search_web
please set a timer,set_alarm
just search for,search_web
could you put on a playlist,play_music
i want to listen to music,play_music
please i need a laugh today,joke
"hey assistant, do i need an umbrella now",weather
"ok, talk to you soon for 10 minutes",farewell
i need you to search for today,search_web
please timer for,set_alarm
could you resume playback in new york,play_music
just tell me the forecast in new york,weather
is it sunny today,weather
can you can you google,search_web
say a joke,joke
please go to on spotify,open_app
crack a joke,joke
just i want to listen to music,play_music
would you mind if you good morning tomorrow,greeting
"hey, search for for 10 minutes",search_web
would you mind if you play some music buddy,play_music
just howdy,greeting
could you have a good one,farewell
"hey, make me laugh quickly",joke
"hey assistant, what is the time on spotify",time
hi,greeting
"hey, crack a joke assistant",joke
can you search the web for,search_web
i need you to tell me a joke tomorrow,joke
could you launch at 7 am,open_app
start right now,open_app
please what time is it about dogs,time
could you hi for 10 minutes,greeting
"hey assistant, how is the weather",weather
"hey, do i need an umbrella",weather
"ok, what is the time about space",time
could you hi there,greeting
"hey assistant, i want to listen to music",play_music
i need you to set a timer today,set_alarm
would you mind if you current time please,time
just hey about dogs,greeting
please open the app about dogs,open_app
"hey assistant, hey",greeting
"hey assistant, create a timer",set_alarm
i need you to set a timer,set_alarm
just peace out on youtube,farewell
please play some music in new york,play_music
could you crack a joke,joke
please what is in new york,search_web
could you boot up for me,open_app
what is the temperature,weather
i need you to can you google,search_web
"ok, see you later about space",farewell
do you know the time assistant,time
could you tell me something funny,joke
start,open_app
would you mind if you launch for 10 minutes,open_app
"ok, current time please",time
please current time please,time
would you mind if you i need a laugh at 7 am,joke
would you mind if you crack a joke about dogs,joke
i need you to could you tell me the time,time
"hey assistant, catch you later please",farewell
"hey assistant, say a joke friend",joke
please i'm leaving buddy,farewell
could you see you later,farewell
can you hello,greeting
would you mind if you hi for me,greeting
please talk to you soon in london,farewell
"hey assistant, catch you later",farewell
"hey, tell me the forecast",weather
could you time check,time
"ok, tell me something funny at 7 am",joke
could you i want to listen to music,play_music
"hey, good afternoon for me",greeting
could you howdy,greeting
"hey, what's the weather like for 10 minutes",weather
"hey, launch quickly",open_app
"hey, start quickly",open_app
"ok, hi",greeting
can you what time is it,time
set a timer,set_alarm
can you boot up for 10 minutes,open_app
could you timer for in london,set_alarm
please good evening in london,greeting
can you search the web for on spotify,search_web
please what's the weather like,weather
can you add an alarm,set_alarm
would you mind if you what is,search_web
would you mind if you tell me the time on youtube,time
i need you to good morning,greeting
could you what time is it today,time
would you mind if you tell me the forecast,weather
please search for,search_web
"hey assistant, what is the time",time
just search the web for in new york,search_web
who is,search_web
could you tell me something funny on spotify,joke
would you mind if you bye,farewell
can you bye bye please,farewell
"ok, say a joke",joke
could you how is the weather on youtube,weather
"ok, talk to you soon",farewell
"hey, play some music quickly",play_music
"ok, set an alarm",set_alarm
can you peace out,farewell
"hey assistant, search the web for at 7 am",search_web
"hey, set a timer at 7 am",set_alarm
would you mind if you hi now,greeting
good evening now,greeting
"hey assistant, shuffle my songs",play_music
please play some music quickly,play_music
can you do you know the time now,time
i need you to tell me the forecast,weather
please what time is it quickly,time
"hey assistant, tell me something funny now",joke
just can you google,search_web
could you open up on spotify,open_app
"hey assistant, farewell buddy",farewell
please how is the weather,weather
please start,open_app
would you mind if you tell me the forecast,weather
just howdy for 10 minutes,greeting
just search for quickly,search_web
"hey, search for",search_web
"hey, bye bye",farewell
can you start playing music,play_music
i need you to what's the clock say,time
just remind me,set_alarm
could you good afternoon friend,greeting
can you tell me the time at 7 am,time
would you mind if you good evening assistant,greeting
"ok, what time is it",time
would you mind if you search for,search_web
"hey assistant, shuffle my songs",play_music
just top of the morning for me,greeting
would you mind if you what's the weather like in london,weather
"hey, launch friend",open_app
would you mind if you play some tunes for 10 minutes,play_music
could you what's the clock say,time
"ok, open the app",open_app
i need you to hey,greeting
do you know any jokes,joke
would you mind if you can you google,search_web
boot up,open_app
please how are you,greeting
i need you to can you open on youtube,open_app
just hey today,greeting
go to tomorrow,open_app
please top of the morning tomorrow,greeting
please what time is it for me,time
create a timer on spotify,set_alarm
would you mind if you current time please about dogs,time
can you set a timer assistant,set_alarm
open the app quickly,open_app
could you open the app about dogs,open_app
"hey assistant, timer for in new york",set_alarm
i want to listen to music,play_music
"hey assistant, crack a joke on spotify",joke
can you tell me the forecast,weather
just hi,greeting
i need you to crack a joke,joke
"hey assistant, set a timer in london",set_alarm
i need you to add an alarm,set_alarm
could you could you tell me the time,time
"ok, search for at 7 am",search_web
i need you to good morning,greeting
"hey assistant, start now",open_app
"hey assistant, search for",search_web
i need you to what's the clock say,time
can you do i need an umbrella,weather
can you set an alarm,set_alarm
how is the weather,weather
can you how is the weather,weather
i need you to i'm leaving,farewell
"hey, tell me something funny",joke
"hey assistant, do you know the time",time
"hey, is it raining outside",weather
search the web for in new york,search_web
can you set a timer on spotify,set_alarm
"ok, search for tomorrow",search_web
just gotta go quickly,farewell
"hey assistant, boot up at 7 am",open_app
"ok, what is the temperature",weather
please see ya,farewell
"hey assistant, timer for quickly",set_alarm
just who is on youtube,search_web
could you search for about space,search_web
just look up,search_web
can you hiya assistant,greeting
"ok, greetings",greeting
please is it raining outside for me,weather
could you google,search_web
"hey assistant, go to",open_app
"ok, make me laugh",joke
would you mind if you what's the clock say,time
could you what is the time,time
could you tell me the forecast,weather
"ok, say a joke please",joke
could you current time please,time
talk to you soon,farewell
could you is it raining outside in london,weather
"hey assistant, current time please",time
"hey, bye bye now",farewell
"ok, tell me about on spotify",search_web
could you shuffle my songs please,play_music
i need you to tell me about today,search_web
please tell me the forecast,weather
i need you to yo friend,greeting
could you how is the weather,weather
could you start,open_app
please what is,search_web
just farewell please,farewell
"hey assistant, boot up now",open_app
please search for please,search_web
what is the temperature,weather
"hey, create a timer in london",set_alarm
can you what is the time please,time
search the web for,search_web
search the web for for 10 minutes,search_web
just tell me about,search_web
could you who is,search_web
i need you to top of the morning now,greeting
i need you to good morning,greeting
"ok, i need a laugh at 7 am",joke
can you play some tunes,play_music
"ok, search the web for buddy",search_web
please see ya about space,farewell
"hey assistant, i need a laugh today",joke
i need you to resume playback,play_music
new alarm buddy,set_alarm
i need you to what's the clock say,time
please do you know the time in new york,time
could you launch,open_app
just crack a joke today,joke
"hey, i'm leaving",farewell
"hey assistant, set a timer",set_alarm
would you mind if you see you later,farewell
please do you know the time right now,time
"hey assistant, music please",play_music
i need you to could you tell me the time right now,time
just look up right now,search_web
please do you know the time,time
would you mind if you i need a laugh,joke
"hey assistant, say a joke",joke
i need you to tell me a joke buddy,joke
i need you to shuffle my songs,play_music
"hey assistant, say a joke",joke
would you mind if you add an alarm at 7 am,set_alarm
just how is the weather,weather
"hey, top of the morning about dogs",greeting
i need you to current time please please,time
"hey, tell me a joke for 10 minutes",joke
i need you to farewell,farewell
"ok, farewell",farewell
just timer for,set_alarm
would you mind if you shuffle my songs right now,play_music
"ok, open up on youtube",open_app
can you tell me about assistant,search_web
i need you to music please,play_music
i need you to hello on spotify,greeting
i need you to say a joke for me,joke
"ok, play some music",play_music
"hey assistant, open up",open_app
"hey assistant, do you know the time in new york",time
"hey, see ya in london",farewell
please hey,greeting
boot up friend,open_app
timer for about dogs,set_alarm
i need you to good morning,greeting
could you put on a playlist right now,play_music
could you open the app,open_app
just set an alarm quickly,set_alarm
"hey, what's the weather like in new york",weather
"hey assistant, catch you later now",farewell
"hey, launch",open_app
could you what is on spotify,search_web
can you what is the time,time
just go to,open_app
would you mind if you set an alarm,set_alarm
"hey assistant, show me now",open_app
please timer for now,set_alarm
could you set an alarm for 10 minutes,set_alarm
"hey, hey",greeting
please what time is it on youtube,time
could you crack a joke,joke
would you mind if you play some music,play_music
i want to listen to music,play_music
would you mind if you what is,search_web
"ok, show me tomorrow",open_app
just play a song in new york,play_music
could you i need a laugh,joke
could you crack a joke on spotify,joke
i need you to say a joke in new york,joke
i need you to bye bye,farewell
i need you to is it raining outside,weather
"hey, add an alarm assistant",set_alarm
would you mind if you who is,search_web
can you make me laugh about dogs,joke
how is the weather,weather
can you current time please,time
can you say a joke,joke
"hey assistant, make me laugh at 7 am",joke
"hey, new alarm",set_alarm
crack a joke for me,joke
would you mind if you is it raining outside friend,weather
would you mind if you look up now,search_web
please do you know the time,time
i need you to hello,greeting
would you mind if you resume playback,play_music
would you mind if you do you know any jokes on spotify,joke
would you mind if you play a song,play_music
please new alarm today,set_alarm
"hey, crack a joke about dogs",joke
just what is the temperature,weather
would you mind if you i'm leaving quickly,farewell
just shuffle my songs at 7 am,play_music
just what's the clock say,time
just resume playback,play_music
tell me the forecast now,weather
can you who is,search_web
could you launch,open_app
"ok, hi quickly",greeting
could you tell me a joke quickly,joke
i need you to i need a laugh tomorrow,joke
could you say a joke now,joke
i need you to search for,search_web
can you top of the morning,greeting
would you mind if you current time please quickly,time
just what's the clock say friend,time
just do i need an umbrella for 10 minutes,weather
music please,play_music
i need you to set an alarm,set_alarm
"hey, can you google",search_web
please say a joke buddy,joke
would you mind if you new alarm,set_alarm
please what is assistant,search_web
"ok, what's the weather like",weather
"ok, hi",greeting
could you good afternoon right now,greeting
just google,search_web
put on a playlist,play_music
please crack a joke,joke
can you talk to you soon,farewell
can you search for friend,search_web
please set an alarm,set_alarm
"ok, look up at 7 am",search_web
can you crack a joke about dogs,joke
just what is,search_web
"hey assistant, current time please in new york",time
just add an alarm,set_alarm
"hey, show me now",open_app
i need you to is it sunny for 10 minutes,weather
can you play some music,play_music
would you mind if you could you tell me the time,time
please can you google on youtube,search_web
would you mind if you tell me about assistant,search_web
please time check,time
can you open,open_app
just i'm leaving,farewell
please i want to listen to music,play_music
i need you to play a song on youtube,play_music
"ok, see ya in new york",farewell
"hey, make me laugh",joke
would you mind if you open the app in london,open_app
would you mind if you play some tunes at 7 am,play_music
"ok, tell me the time on youtube",time
can you do you know any jokes about space,joke
i need you to play a song,play_music
good afternoon assistant,greeting
can you see ya,farewell
"hey assistant, tell me a joke tomorrow",joke
"hey assistant, is it sunny about space",weather
"hey, open the app",open_app
would you mind if you make me laugh in london,joke
could you yo for me,greeting
"hey assistant, tell me something funny friend",joke
is it sunny for 10 minutes,weather
"hey, set an alarm at 7 am",set_alarm
just tell me the time for 10 minutes,time
would you mind if you show me,open_app
i need you to boot up,open_app
could you bye at 7 am,farewell
could you do i need an umbrella please,weather
could you do you know the time friend,time
resume playback,play_music
would you mind if you how is the weather quickly,weather
would you mind if you what is the temperature,weather
would you mind if you hi there today,greeting
"hey assistant, create a timer",set_alarm
"hey assistant, launch",open_app
please current time please on youtube,time
"hey assistant, have a good one on youtube",farewell
could you go to at 7 am,open_app
just hi there,greeting
i need you to find information about,search_web
"hey, add an alarm on youtube",set_alarm
would you mind if you do you know the time at 7 am,time
"hey assistant, play a song now",play_music
just is it sunny,weather
"ok, could you tell me the time",time
"hey assistant, is it sunny in new york",weather
would you mind if you tell me something funny,joke
please crack a joke in london,joke
please google,search_web
i need you to remind me today,set_alarm
"hey assistant, timer for buddy",set_alarm
can you could you tell me the time,time
just can you google,search_web
can you set a timer,set_alarm
good evening in london,greeting
would you mind if you what is the temperature for 10 minutes,weather
please see ya,farewell
"ok, say a joke please",joke
just peace out,farewell
"hey assistant, what's the weather like",weather
can you i'm leaving in new york,farewell
would you mind if you what is the temperature assistant,weather
would you mind if you bye today,farewell
can you tell me something funny,joke
i need you to open up,open_app
timer for,set_alarm
i need a laugh,joke
please can you open today,open_app
could you remind me buddy,set_alarm
how are you,greeting
could you what's the weather like for 10 minutes,weather
new alarm for me,set_alarm
can you what is the time,time
i need you to what time is it,time
"ok, hi there",greeting
create a timer,set_alarm
please boot up,open_app
could you make me laugh,joke
what is the time,time
"hey, set a timer",set_alarm
"ok, what time is it",time
"hey, hi there today",greeting
"hey assistant, catch you later buddy",farewell
can you tell me the forecast,weather
could you could you tell me the time tomorrow,time
please is it raining outside in new york,weather
"hey assistant, add an alarm",set_alarm
could you do i need an umbrella in london,weather
i need you to music please assistant,play_music
i need you to resume playback,play_music
i want to listen to music on youtube,play_music
would you mind if you what is the temperature about space,weather
"hey, do i need an umbrella on youtube",weather
please time check,time
could you i'm leaving at 7 am,farewell
"hey, new alarm in new york",set_alarm
could you who is,search_web
just is it sunny,weather
"hey assistant, boot up",open_app
please tell me about,search_web
"hey assistant, create a timer in new york",set_alarm
"ok, boot up on spotify",open_app
"hey, tell me the forecast for 10 minutes",weather
please could you tell me the time,time
i need you to how is the weather,weather
can you what is the time,time
would you mind if you see you later for 10 minutes,farewell
just how is the weather on spotify,weather
"hey assistant, start playing music",play_music
please add an alarm now,set_alarm
i need you to launch for me,open_app
"hey, music please quickly",play_music
can you farewell,farewell
just how is the weather,weather
would you mind if you can you open,open_app
would you mind if you what's the weather like about space,weather
what's the clock say,time
can you what time is it,time
just show me now,open_app
i need you to make me laugh buddy,joke
can you see you later at 7 am,farewell
"hey assistant, tell me the forecast about dogs",weather
"ok, start for me",open_app
"hey assistant, what's the clock say",time
please can you open about dogs,open_app
what is the time,time
can you resume playback tomorrow,play_music
i need you to what's the clock say about dogs,time
i need you to bye bye,farewell
just how are you,greeting
"hey, set a timer",set_alarm
can you farewell,farewell
i need you to hi there friend,greeting
can you play some music,play_music
"hey assistant, do i need an umbrella",weather
please show me in new york,open_app
can you say a joke,joke
"hey assistant, say a joke",joke
i need you to hi there,greeting
can you what's the weather like quickly,weather
i need you to goodbye,farewell
play a song,play_music
i want to listen to music,play_music
i need you to say a joke tomorrow,joke
can you open the app please,open_app
could you do i need an umbrella,weather
just do i need an umbrella on spotify,weather
"hey assistant, resume playback please",play_music
please do i need an umbrella,weather
would you mind if you yo tomorrow,greeting
please look up at 7 am,search_web
"ok, hi there tomorrow",greeting
can you have a good one,farewell
"hey, tell me the time now",time
would you mind if you what is the time now,time
"hey assistant, tell me the time",time
"hey assistant, time check",time
"hey, look up",search_web
just show me,open_app
i need you to go to,open_app
just catch you later today,farewell
would you mind if you hi,greeting
i need you to gotta go,farewell
please i want to listen to music tomorrow,play_music
remind me,set_alarm
"ok, what's the weather like",weather
"hey, how are you assistant",greeting
i need you to launch on youtube,open_app
"ok, create a timer",set_alarm
can you search the web for,search_web
would you mind if you remind me today,set_alarm
"hey, can you google in new york",search_web
"ok, crack a joke",joke
"hey, resume playback friend",play_music
"ok, hello",greeting
would you mind if you add an alarm,set_alarm
"ok, can you open",open_app
could you do you know any jokes assistant,joke
would you mind if you look up,search_web
"ok, start",open_app
i need you to good evening about space,greeting
hi,greeting
please play a song,play_music
could you boot up,open_app
can you tell me something funny now,joke
just boot up in new york,open_app
could you have a good one now,farewell
could you who is,search_web
"ok, goodbye assistant",farewell
could you current time please assistant,time
"hey assistant, do you know the time",time
"ok, music please right now",play_music
"hey, do i need an umbrella in london",weather
"hey assistant, hello",greeting
would you mind if you do you know any jokes tomorrow,joke
can you do i need an umbrella friend,weather
"ok, set an alarm",set_alarm
could you find information about right now,search_web
i need you to what time is it,time
just timer for about dogs,set_alarm
make me laugh,joke
can you tell me a joke,joke
"hey, play a song",play_music
"hey assistant, set a timer",set_alarm
just create a timer tomorrow,set_alarm
would you mind if you put on a playlist about dogs,play_music
just i want to listen to music,play_music
just gotta go friend,farewell
please how are you about space,greeting
i need a laugh friend,joke
"hey, can you google for me",search_web
"hey, catch you later about dogs",farewell
i need you to start playing music now,play_music
just new alarm,set_alarm
"ok, timer for in london",set_alarm
"hey assistant, howdy",greeting
i need you to top of the morning for 10 minutes,greeting
"hey assistant, yo",greeting
what's the clock say,time
"ok, how are you",greeting
would you mind if you is it raining outside on youtube,weather
can you search for,search_web
i need you to time check,time
just what is the temperature,weather
could you tell me a joke,joke
"hey assistant, howdy",greeting
"hey, start in london",open_app
would you mind if you put on a playlist about space,play_music
could you tell me the time assistant,time
could you how is the weather assistant,weather
just do i need an umbrella,weather
can you good evening,greeting
can you what is the time on spotify,time
i need you to is it sunny on spotify,weather
"ok, do you know any jokes",joke
could you how are you at 7 am,greeting
"hey assistant, hey",greeting
please search for buddy,search_web
could you how is the weather on spotify,weather
could you shuffle my songs today,play_music
just create a timer,set_alarm
good evening for me,greeting
could you boot up today,open_app
can you find information about,search_web
could you do you know the time,time
would you mind if you farewell assistant,farewell
please i'm leaving at 7 am,farewell
would you mind if you can you open now,open_app
could you can you open please,open_app
please what's the weather like right now,weather
just good evening on youtube,greeting
could you hey,greeting
"hey, gotta go",farewell
please how is the weather,weather
"hey, what is the temperature",weather
hello assistant,greeting
can you add an alarm,set_alarm
i need you to could you tell me the time in new york,time
just look up on youtube,search_web
would you mind if you play some music for me,play_music
"hey assistant, what's the weather like on youtube",weather
please is it raining outside,weather
would you mind if you show me quickly,open_app
"ok, talk to you soon",farewell
please search the web for,search_web
"hey assistant, bye bye on youtube",farewell
"hey, how is the weather tomorrow",weather
would you mind if you gotta go for 10 minutes,farewell
"ok, boot up",open_app
i need you to time check,time
"hey, hiya",greeting
"ok, peace out",farewell
can you how are you please,greeting
please do you know the time,time
would you mind if you farewell about dogs,farewell
would you mind if you how are you buddy,greeting
could you set a timer,set_alarm
just look up,search_web
could you tell me the time,time
"hey assistant, i need a laugh on youtube",joke
would you mind if you can you open,open_app
"hey, i want to listen to music",play_music
hello friend,greeting
please tell me about quickly,search_web
can you current time please,time
"ok, play some tunes right now",play_music
"hey, boot up",open_app
"hey assistant, can you google",search_web
would you mind if you make me laugh,joke
please i'm leaving for me,farewell
can you hi there now,greeting
could you open up at 7 am,open_app
i need you to i want to listen to music,play_music
"ok, is it sunny",weather
could you time check on spotify,time
please set a timer,set_alarm
"ok, add an alarm at 7 am",set_alarm
"hey assistant, who is right now",search_web
could you play some tunes,play_music
can you shuffle my songs,play_music
"ok, start",open_app
"hey, start",open_app
can you open up,open_app
i need you to top of the morning about dogs,greeting
could you show me friend,open_app
"hey, set an alarm",set_alarm
"hey assistant, do i need an umbrella today",weather
"hey assistant, tell me the time",time
could you set an alarm,set_alarm
would you mind if you do i need an umbrella,weather
"ok, good evening about dogs",greeting
can you could you tell me the time in london,time
what's up,greeting
can you make me laugh,joke
could you i need a laugh buddy,joke
find information about in new york,search_web
i need you to wake me up,set_alarm
i need you to search for,search_web
could you how is the weather right now,weather
can you open,open_app
do you know the time please,time
just do you know any jokes for me,joke
just go to,open_app
would you mind if you what is the temperature at 7 am,weather
just hiya,greeting
i need you to crack a joke,joke
please peace out,farewell
"hey, remind me for 10 minutes",set_alarm
just what time is it for 10 minutes,time
can you play some music for me,play_music
can you shuffle my songs buddy,play_music
set an alarm,set_alarm
i need you to remind me,set_alarm
just set an alarm buddy,set_alarm
just i need a laugh please,joke
can you put on a playlist,play_music
please good evening,greeting
just boot up,open_app
"ok, is it sunny",weather
just talk to you soon about space,farewell
"ok, music please",play_music
good morning now,greeting
just farewell at 7 am,farewell
can you music please,play_music
"hey assistant, can you google",search_web
would you mind if you hey tomorrow,greeting
would you mind if you can you open for 10 minutes,open_app
"ok, goodbye at 7 am",farewell
can you boot up,open_app
would you mind if you who is,search_web
please make me laugh,joke
have a good one now,farewell
"ok, set a timer",set_alarm
"hey, wake me up",set_alarm
could you timer for friend,set_alarm
please set a timer right now,set_alarm
could you what is the time,time
would you mind if you tell me the time about space,time
can you set an alarm quickly,set_alarm
i need you to play some tunes buddy,play_music
please top of the morning,greeting
please do you know any jokes,joke
would you mind if you find information about for 10 minutes,search_web
please say a joke,joke
"ok, gotta go please",farewell
could you could you tell me the time on youtube,time
can you play some tunes now,play_music
please tell me something funny now,joke
would you mind if you crack a joke,joke
would you mind if you hi friend,greeting
could you say a joke about space,joke
can you what is,search_web
could you do you know any jokes,joke
i need you to can you google,search_web
would you mind if you hello for me,greeting
could you bye in new york,farewell
"hey assistant, current time please about space",time
how is the weather,weather
would you mind if you what is,search_web
"hey, launch about space",open_app
"ok, farewell for 10 minutes",farewell
i need you to add an alarm for 10 minutes,set_alarm
"hey, play some music at 7 am",play_music
please say a joke,joke
play some music on youtube,play_music
"hey assistant, do you know the time at 7 am",time
would you mind if you set a timer assistant,set_alarm
"hey, tell me the time",time
"hey, start playing music about dogs",play_music
"hey assistant, good afternoon",greeting
what is the temperature on spotify,weather
can you look up on spotify,search_web
can you yo,greeting
i need you to start,open_app
could you tell me a joke,joke
please crack a joke about dogs,joke
just timer for buddy,set_alarm
"hey assistant, do i need an umbrella buddy",weather
can you timer for tomorrow,set_alarm
would you mind if you play some tunes in new york,play_music
just can you open at 7 am,open_app
could you start playing music,play_music
would you mind if you what's the weather like for 10 minutes,weather
could you open up for me,open_app
just play some tunes,play_music
could you time check,time
hiya for me,greeting
i need you to howdy today,greeting
play some tunes,play_music
"ok, howdy",greeting
can you time check,time
how is the weather buddy,weather
i need you to do i need an umbrella buddy,weather
can you open,open_app
hello right now,greeting
just what's the weather like,weather
peace out in london,farewell
could you tell me a joke friend,joke
can you remind me,set_alarm
"hey, what time is it please",time
would you mind if you start playing music,play_music
i need you to catch you later,farewell
i need a laugh today,joke
i need you to do you know the time on youtube,time
"hey assistant, music please now",play_music
can you set a timer today,set_alarm
just good afternoon friend,greeting
"hey, top of the morning",greeting
would you mind if you tell me the forecast in london,weather
just tell me the time tomorrow,time
i need you to i want to listen to music about space,play_music
open up tomorrow,open_app
i need you to show me,open_app
would you mind if you see ya,farewell
i need you to current time please for 10 minutes,time
"ok, crack a joke",joke
would you mind if you start assistant,open_app
i need you to do you know the time,time
just can you google,search_web
i need you to what is the temperature,weather
could you open up,open_app
crack a joke,joke
"ok, is it sunny tomorrow",weather
"ok, could you tell me the time about space",time
i need you to find information about,search_web
"hey assistant, who is",search_web
"ok, tell me the forecast quickly",weather
good afternoon in london,greeting
can you have a good one at 7 am,farewell
just timer for today,set_alarm
i need you to could you tell me the time,time
just see ya,farewell
just talk to you soon,farewell
"ok, top of the morning now",greeting
"hey assistant, what is the time assistant",time
just tell me something funny about space,joke
timer for now,set_alarm
current time please,time
could you tell me the time,time
tell me something funny,joke
i need you to what time is it on youtube,time
could you do you know the time,time
"hey, what is the temperature",weather
just gotta go,farewell
what time is it about space,time
could you what's the weather like assistant,weather
could you boot up,open_app
please tell me about,search_web
"ok, play some music",play_music
"hey assistant, gotta go",farewell
would you mind if you add an alarm,set_alarm
please show me,open_app
"ok, put on a playlist",play_music
"hey assistant, wake me up",set_alarm
"ok, boot up right now",open_app
"hey assistant, how is the weather in london",weather
please i need a laugh on youtube,joke
could you tell me something funny about space,joke
i need you to what is the temperature right now,weather
could you set a timer,set_alarm
"ok, what is now",search_web
"hey assistant, crack a joke",joke
"hey assistant, can you open",open_app
just open up,open_app
"hey assistant, hiya",greeting
good afternoon quickly,greeting
would you mind if you play some tunes,play_music
would you mind if you hello,greeting
"hey, current time please",time
please what is about space,search_web
"hey assistant, could you tell me the time on youtube",time
just good morning today,greeting
"ok, start on youtube",open_app
i'm leaving now,farewell
shuffle my songs quickly,play_music
please talk to you soon,farewell
would you mind if you see you later friend,farewell
would you mind if you is it sunny on spotify,weather
can you what's the weather like,weather
"ok, how is the weather in new york",weather
"ok, what's the clock say",time
could you search the web for at 7 am,search_web
can you could you tell me the time right now,time
please timer for quickly,set_alarm
"hey assistant, new alarm",set_alarm
i need you to talk to you soon today,farewell
can you do i need an umbrella,weather
"ok, shuffle my songs",play_music
would you mind if you how is the weather for 10 minutes,weather
could you time check tomorrow,time
please show me,open_app
can you play some tunes for me,play_music
"ok, gotta go on youtube",farewell
i need you to start,open_app
i need you to see you later,farewell
can you resume playback about dogs,play_music
start please,open_app
can you can you open for 10 minutes,open_app
please what's the weather like on spotify,weather
would you mind if you farewell in london,farewell
"ok, set an alarm quickly",set_alarm
i need you to do you know the time,time
please see you later,farewell
just is it sunny right now,weather
just good evening,greeting
"hey assistant, gotta go please",farewell
"hey, could you tell me the time at 7 am",time
shuffle my songs for me,play_music
please make me laugh,joke
would you mind if you i want to listen to music,play_music
i need you to timer for,set_alarm
"ok, goodbye",farewell
"hey assistant, yo buddy",greeting
please see ya friend,farewell
please open up today,open_app
could you hi about space,greeting
can you look up,search_web
"hey, start",open_app
i need you to find information about on spotify,search_web
please have a good one right now,farewell
could you farewell today,farewell
just yo,greeting
can you do you know the time friend,time
"ok, launch",open_app
would you mind if you who is,search_web
could you good afternoon about dogs,greeting
would you mind if you search for on youtube,search_web
please i'm leaving,farewell
shuffle my songs,play_music
could you what time is it at 7 am,time
just make me laugh,joke
"hey assistant, good morning please",greeting
just could you tell me the time,time
please open the app please,open_app
"hey, play some music buddy",play_music
would you mind if you play some tunes in london,play_music
could you see ya,farewell
launch,open_app
just is it sunny about dogs,weather
tell me the time on spotify,time
please catch you later,farewell
just hi there,greeting
can you what time is it,time
"ok, make me laugh assistant",joke
just hiya today,greeting
i need you to launch,open_app
just good morning today,greeting
i need you to google about dogs,search_web
"hey assistant, crack a joke for 10 minutes",joke
find information about,search_web
can you create a timer,set_alarm
would you mind if you bye about dogs,farewell
please farewell,farewell
just set an alarm on spotify,set_alarm
please see you later,farewell
can you do you know any jokes today,joke
"ok, put on a playlist",play_music
"hey, add an alarm",set_alarm
"ok, open up",open_app
could you bye bye,farewell
please look up,search_web
just peace out for me,farewell
"hey, can you open",open_app
i need you to see you later at 7 am,farewell
please can you google on youtube,search_web
please timer for,set_alarm
just tell me the forecast,weather
could you play some music buddy,play_music
can you play some tunes,play_music
could you boot up,open_app
please how is the weather,weather
would you mind if you goodbye,farewell
"hey assistant, gotta go",farewell
could you i'm leaving,farewell
"hey, what's the weather like",weather
i need you to i need a laugh,joke
would you mind if you go to,open_app
"ok, play some tunes",play_music
show me,open_app
please crack a joke,joke
please resume playback,play_music
please what is the temperature today,weather
could you create a timer tomorrow,set_alarm
time check,time
can you do i need an umbrella,weather
i need you to play some music for me,play_music
just goodbye,farewell
"hey assistant, do you know the time",time
make me laugh,joke
"hey, have a good one at 7 am",farewell
would you mind if you top of the morning,greeting
"hey, can you google right now",search_web
"hey assistant, music please about dogs",play_music
could you good afternoon for me,greeting
can you have a good one,farewell
i need you to say a joke for 10 minutes,joke
just wake me up tomorrow,set_alarm
can you how are you,greeting
please add an alarm,set_alarm
can you can you open,open_app
"ok, tell me about",search_web
can you what's the clock say,time
please play some tunes,play_music
can you crack a joke,joke
"hey, tell me the forecast please",weather
start,open_app
how is the weather,weather
"ok, show me",open_app
i need you to tell me the time,time
can you what is the temperature friend,weather
"hey, have a good one on spotify",farewell
play some music,play_music
would you mind if you good morning on youtube,greeting
just shuffle my songs right now,play_music
i need you to do i need an umbrella friend,weather
can you say a joke,joke
"hey, start playing music for me",play_music
can you new alarm,set_alarm
"hey, play a song assistant",play_music
"hey assistant, wake me up for 10 minutes",set_alarm
could you tell me the time at 7 am,time
just hi there,greeting
"hey assistant, shuffle my songs",play_music
just how is the weather,weather
"ok, what's the weather like",weather
please greetings,greeting
just who is on spotify,search_web
"hey, hi",greeting
"hey, shuffle my songs for me",play_music
just play some music assistant,play_music
would you mind if you have a good one buddy,farewell
i need you to wake me up,set_alarm
please goodbye,farewell
i need you to google,search_web
can you find information about,search_web
"hey assistant, how is the weather assistant",weather
could you i want to listen to music in new york,play_music
"hey, peace out friend",farewell
please how are you,greeting
"ok, what is the temperature",weather
just hi there,greeting
"hey assistant, put on a playlist",play_music
"hey assistant, say a joke",joke
"hey assistant, hey",greeting
"hey, set an alarm",set_alarm
can you open up,open_app
can you tell me something funny for 10 minutes,joke
"hey, play some music in london",play_music
would you mind if you talk to you soon,farewell
can you crack a joke about dogs,joke
"hey assistant, good afternoon for me",greeting
can you shuffle my songs please,play_music
could you say a joke,joke
can you gotta go,farewell
i need you to do i need an umbrella,weather
"hey, i want to listen to music assistant",play_music
could you hi,greeting
i need you to boot up for 10 minutes,open_app
"hey, do you know the time",time
i need you to tell me the forecast,weather
can you play a song quickly,play_music
tell me the forecast friend,weather
"hey assistant, i want to listen to music for me",play_music
i need you to play some music,play_music
"hey assistant, current time please",time
"hey assistant, is it sunny quickly",weather
"hey assistant, is it raining outside",weather
just wake me up,set_alarm
just play some music,play_music
could you remind me,set_alarm
i need you to make me laugh for me,joke
"ok, do you know any jokes",joke
"ok, start playing music now",play_music
just create a timer right now,set_alarm
would you mind if you remind me now,set_alarm
i need you to tell me the forecast for 10 minutes,weather
please shuffle my songs,play_music
i need you to have a good one,farewell
can you music please right now,play_music
what's the weather like on spotify,weather
just i want to listen to music about dogs,play_music
"hey assistant, do i need an umbrella at 7 am",weather
i need you to boot up,open_app
"hey, crack a joke",joke
can you how are you,greeting
i need you to top of the morning today,greeting
can you music please,play_music
just is it sunny,weather
"ok, look up",search_web
i need you to add an alarm now,set_alarm
just wake me up for 10 minutes,set_alarm
can you hi,greeting
"hey, put on a playlist assistant",play_music
please do i need an umbrella on youtube,weather
open up in new york,open_app
"ok, set an alarm for 10 minutes",set_alarm
"ok, what is the temperature",weather
could you what is the time for 10 minutes,time
just have a good one on spotify,farewell
"hey assistant, look up for me",search_web
please set an alarm about space,set_alarm
i need you to start in london,open_app
can you say a joke friend,joke
"hey assistant, i need a laugh for 10 minutes",joke
say a joke buddy,joke
please new alarm,set_alarm
can you bye for me,farewell
"hey, can you google",search_web
"hey, wake me up now",set_alarm
"ok, resume playback",play_music
"ok, what is about space",search_web
i need you to good morning,greeting
please what time is it buddy,time
"hey assistant, put on a playlist",play_music
just play some tunes at 7 am,play_music
can you is it raining outside for me,weather
"ok, is it raining outside",weather
would you mind if you launch please,open_app
can you google in london,search_web
would you mind if you shuffle my songs,play_music
i need you to start at 7 am,open_app
would you mind if you what is the temperature please,weather
just crack a joke about space,joke
would you mind if you search the web for on youtube,search_web
please put on a playlist right now,play_music
"hey, create a timer",set_alarm
would you mind if you what is the temperature now,weather
i need you to what is the temperature,weather
"hey assistant, tell me something funny",joke
would you mind if you what time is it,time
"hey assistant, wake me up on youtube",set_alarm
can you do i need an umbrella,weather
please google,search_web
hiya please,greeting
i need you to play some music,play_music
please create a timer in new york,set_alarm
just set a timer on spotify,set_alarm
please open up,open_app
could you current time please for 10 minutes,time
hi please,greeting
music please today,play_music
please bye on youtube,farewell
can you launch right now,open_app
can you open up,open_app
"ok, gotta go about dogs",farewell
i need you to play some tunes,play_music
would you mind if you music please,play_music
i need you to see ya now,farewell
"hey, music please",play_music
"hey, start",open_app
"ok, create a timer",set_alarm
just set an alarm today,set_alarm
please i want to listen to music now,play_music
would you mind if you do you know the time,time
"ok, play some music",play_music
"hey, google assistant",search_web
"hey assistant, tell me the time",time
can you catch you later at 7 am,farewell
would you mind if you good evening,greeting
just is it raining outside today,weather
just music please,play_music
"hey assistant, music please for me",play_music
"ok, good morning in london",greeting
could you bye friend,farewell
please tell me something funny today,joke
i need you to i need a laugh,joke
"hey assistant, what is",search_web
"ok, catch you later",farewell
could you what's the weather like,weather
"hey assistant, set a timer for 10 minutes",set_alarm
"ok, wake me up",set_alarm
just say a joke,joke
would you mind if you tell me the time on spotify,time
"hey, set an alarm today",set_alarm
"ok, what's the clock say",time
can you say a joke,joke
please create a timer tomorrow,set_alarm
just do i need an umbrella today,weather
i need a laugh buddy,joke
"hey assistant, tell me a joke buddy",joke
"hey, i want to listen to music assistant",play_music
can you i want to listen to music on youtube,play_music
google tomorrow,search_web
just tell me the time,time
"hey assistant, google",search_web
i need you to talk to you soon,farewell
"ok, what's the weather like on youtube",weather
set a timer on spotify,set_alarm
please what's the weather like,weather
put on a playlist,play_music
can you tell me a joke for 10 minutes,joke
"ok, remind me",set_alarm
please boot up in london,open_app
can you remind me assistant,set_alarm
i need you to see you later in new york,farewell
create a timer,set_alarm
can you bye bye,farewell
i need you to peace out at 7 am,farewell
bye right now,farewell
"hey assistant, do you know the time",time
just farewell,farewell
could you make me laugh about space,joke
could you add an alarm at 7 am,set_alarm
start in new york,open_app
look up,search_web
"ok, is it raining outside",weather
time check assistant,time
what time is it about dogs,time
"ok, resume playback for me",play_music
just start playing music,play_music
"hey, see you later",farewell
could you shuffle my songs please,play_music
could you set an alarm right now,set_alarm
i need you to open the app,open_app
could you tell me a joke assistant,joke
i need you to play some music in london,play_music
would you mind if you search the web for at 7 am,search_web
"hey, set an alarm",set_alarm
just gotta go right now,farewell
i need you to add an alarm in new york,set_alarm
can you what's the weather like on spotify,weather
could you add an alarm,set_alarm
just tell me something funny right now,joke
"ok, who is",search_web
please what's the weather like,weather
could you how are you for me,greeting
can you hi there buddy,greeting
tell me something funny about space,joke
can you music please now,play_music
tell me the forecast,weather
"hey assistant, peace out right now",farewell
just set a timer,set_alarm
can you put on a playlist tomorrow,play_music
"hey, music please on youtube",play_music
would you mind if you do i need an umbrella,weather
"ok, tell me the forecast for 10 minutes",weather
google on spotify,search_web
i need you to is it raining outside,weather
just do you know any jokes at 7 am,joke
i need you to i need a laugh on spotify,joke
"hey, start on youtube",open_app
could you i need a laugh assistant,joke
just make me laugh tomorrow,joke
could you make me laugh,joke
i need you to what's the weather like right now,weather
just add an alarm for 10 minutes,set_alarm
would you mind if you who is at 7 am,search_web
just shuffle my songs,play_music
"hey, put on a playlist",play_music
could you tell me about,search_web
can you set a timer on spotify,set_alarm
"hey, new alarm right now",set_alarm
just search the web for in new york,search_web
can you gotta go in london,farewell
could you tell me something funny,joke
can you wake me up about space,set_alarm
"ok, go to",open_app
"ok, open up",open_app
"hey assistant, add an alarm at 7 am",set_alarm
"hey, can you google",search_web
hiya buddy,greeting
create a timer at 7 am,set_alarm
is it sunny,weather
could you timer for,set_alarm
could you i want to listen to music quickly,play_music
"hey, do i need an umbrella",weather
just boot up,open_app
"hey assistant, say a joke",joke
just hi there in new york,greeting
please hiya,greeting
resume playback,play_music
would you mind if you set a timer on youtube,set_alarm
i need you to tell me something funny about space,joke
"ok, i'm leaving",farewell
"ok, open the app",open_app
what's the clock say for 10 minutes,time
i need you to search the web for for me,search_web
find information about buddy,search_web
"hey, go to tomorrow",open_app
i need you to could you tell me the time,time
could you tell me the time,time
"ok, i'm leaving buddy",farewell
make me laugh about dogs,joke
just new alarm,set_alarm
could you what's the clock say,time
"ok, tell me the forecast",weather
"hey assistant, do you know any jokes now",joke
"hey, can you google now",search_web
can you tell me about tomorrow,search_web
would you mind if you tell me a joke,joke
could you wake me up in new york,set_alarm
"hey assistant, play a song assistant",play_music
can you set a timer,set_alarm
could you resume playback friend,play_music
"ok, say a joke about space",joke
would you mind if you music please,play_music
"hey, open up about space",open_app
"ok, good afternoon",greeting
"hey assistant, start playing music",play_music
would you mind if you show me,open_app
could you start in new york,open_app
i need you to what's up friend,greeting
"ok, play a song",play_music
can you what is please,search_web
"ok, goodbye about dogs",farewell
"hey assistant, google in new york",search_web
can you how is the weather in new york,weather
could you tell me something funny,joke
just timer for,set_alarm
please play a song,play_music
can you search the web for,search_web
would you mind if you new alarm,set_alarm
please create a timer quickly,set_alarm
"ok, new alarm on youtube",set_alarm
would you mind if you search the web for,search_web
i need you to tell me a joke,joke
can you what is the time for 10 minutes,time
please current time please in london,time
"hey assistant, search for",search_web
i need you to talk to you soon about dogs,farewell
would you mind if you talk to you soon about space,farewell
can you do i need an umbrella on spotify,weather
just set an alarm about space,set_alarm
i need you to shuffle my songs,play_music
please search for at 7 am,search_web
can you bye,farewell
hi about dogs,greeting
would you mind if you how are you in new york,greeting
just what's up,greeting
"ok, could you tell me the time at 7 am",time
"ok, tell me the time friend",time
"hey, say a joke",joke
"ok, can you open for 10 minutes",open_app
"ok, google on youtube",search_web
i need you to crack a joke,joke
could you what's up,greeting
"hey assistant, make me laugh buddy",joke
"ok, is it sunny buddy",weather
"hey assistant, hi there",greeting
could you search the web for,search_web
i need you to start playing music,play_music
would you mind if you do i need an umbrella for 10 minutes,weather
"hey assistant, look up now",search_web
how is the weather about dogs,weather
"ok, is it sunny for 10 minutes",weather
i need you to create a timer right now,set_alarm
could you could you tell me the time for 10 minutes,time
would you mind if you how is the weather in new york,weather
just see you later right now,farewell
"hey, boot up",open_app
please do you know the time assistant,time
could you talk to you soon,farewell
can you what's the clock say about space,time
could you crack a joke in london,joke
would you mind if you open up in new york,open_app
please open up,open_app
"hey assistant, remind me tomorrow",set_alarm
just tell me a joke on spotify,joke
i need you to catch you later buddy,farewell
"ok, tell me a joke",joke
just tell me the forecast,weather
i need you to what is the temperature tomorrow,weather
"hey assistant, say a joke today",joke
could you play some tunes,play_music
just talk to you soon,farewell
"hey assistant, do i need an umbrella tomorrow",weather
would you mind if you see you later,farewell
what is the temperature,weather
i need you to tell me something funny about dogs,joke
"hey, search for",search_web
i need you to show me,open_app
would you mind if you make me laugh,joke
would you mind if you set an alarm,set_alarm
i need you to look up,search_web
could you have a good one,farewell
just crack a joke,joke
"hey assistant, hi",greeting
can you open,open_app
"hey assistant, what's the clock say at 7 am",time
would you mind if you play some tunes,play_music
farewell,farewell
tell me the forecast,weather
"hey, play some music about space",play_music
"hey assistant, good morning",greeting
"hey, peace out",farewell
just hi there,greeting
please wake me up,set_alarm
"hey, make me laugh",joke
"hey assistant, what's up",greeting
can you set a timer at 7 am,set_alarm
could you could you tell me the time,time
could you hey,greeting
just howdy,greeting
resume playback,play_music
"ok, is it raining outside right now",weather
"hey, start playing music now",play_music
would you mind if you open up,open_app
would you mind if you wake me up,set_alarm
"hey, play some tunes",play_music
wake me up today,set_alarm
can you play some music,play_music
please make me laugh,joke
just new alarm about space,set_alarm
"ok, good morning about dogs",greeting
would you mind if you have a good one,farewell
please search for,search_web
show me in london,open_app
"hey assistant, see you later at 7 am",farewell
can you good afternoon in new york,greeting
please say a joke quickly,joke
please set a timer,set_alarm
can you do you know any jokes about dogs,joke
would you mind if you show me for 10 minutes,open_app
i need you to hello,greeting
"hey, shuffle my songs about dogs",play_music
can you is it sunny about space,weather
please what's the weather like,weather
would you mind if you play some tunes,play_music
"ok, search the web for",search_web
just good evening,greeting
say a joke about dogs,joke
can you is it sunny on youtube,weather
"ok, open the app assistant",open_app
would you mind if you search for on youtube,search_web
i need you to music please tomorrow,play_music
would you mind if you bye about space,farewell
would you mind if you go to,open_app
"ok, add an alarm",set_alarm
would you mind if you crack a joke,joke
"hey assistant, can you open in new york",open_app
please hiya right now,greeting
just play some tunes for 10 minutes,play_music
i need you to top of the morning,greeting
can you what's the clock say,time
just what's the clock say,time
would you mind if you what is,search_web
timer for buddy,set_alarm
i need you to start,open_app
would you mind if you find information about,search_web
would you mind if you bye on youtube,farewell
just see you later assistant,farewell
i need you to what time is it assistant,time
could you start playing music,play_music
could you what's the weather like,weather
"hey assistant, do i need an umbrella",weather
i need you to open the app in new york,open_app
how is the weather,weather
please create a timer,set_alarm
"ok, tell me something funny in london",joke
just see you later,farewell
search for in new york,search_web
just resume playback,play_music
"ok, tell me something funny",joke
just bye bye in new york,farewell
"ok, could you tell me the time for me",time
say a joke,joke
"hey assistant, who is on youtube",search_web
would you mind if you set an alarm for 10 minutes,set_alarm
would you mind if you crack a joke now,joke
please what time is it for me,time
please tell me the time about space,time
"hey, hi there on spotify",greeting
i need you to tell me something funny for me,joke
would you mind if you say a joke about space,joke
please time check today,time
"hey assistant, i want to listen to music for 10 minutes",play_music
would you mind if you tell me the time at 7 am,time
can you put on a playlist,play_music
could you is it raining outside right now,weather
what's up,greeting
peace out,farewell
"ok, search the web for for me",search_web
could you hey now,greeting
would you mind if you peace out,farewell
can you remind me,set_alarm
"hey, tell me something funny",joke
"hey assistant, bye",farewell
"ok, time check now",time
could you i'm leaving,farewell
"hey assistant, search the web for",search_web
i need you to good morning,greeting
"ok, say a joke",joke
please say a joke,joke
could you timer for quickly,set_alarm
just what is the temperature now,weather
can you open the app on spotify,open_app
please find information about,search_web
"hey assistant, look up quickly",search_web
"hey, wake me up now",set_alarm
i'm leaving for 10 minutes,farewell
could you what is,search_web
can you could you tell me the time please,time
could you see ya on youtube,farewell
please current time please about dogs,time
"hey assistant, top of the morning buddy",greeting
just tell me about,search_web
just i'm leaving on youtube,farewell
can you wake me up,set_alarm
"hey, is it sunny today",weather
i want to listen to music about dogs,play_music
"hey assistant, timer for tomorrow",set_alarm
"hey assistant, i want to listen to music about dogs",play_music
i need you to tell me the forecast,weather
"hey, could you tell me the time",time
can you make me laugh,joke
please what is for 10 minutes,search_web
could you what is in new york,search_web
"hey assistant, start playing music",play_music
"hey, remind me right now",set_alarm
"hey, find information about at 7 am",search_web
can you timer for,set_alarm
please go to please,open_app
please what time is it,time
i need a laugh for me,joke
"hey, music please please",play_music
yo now,greeting
"ok, farewell",farewell
could you who is,search_web
i need you to what's the clock say for me,time
"hey assistant, could you tell me the time please",time
"hey, what is the temperature",weather
"hey assistant, peace out please",farewell
"ok, gotta go",farewell
can you what's the weather like assistant,weather
"hey assistant, what's the clock say in new york",time
i need you to tell me about now,search_web
can you hi for me,greeting
"ok, is it raining outside in new york",weather
could you search the web for,search_web
please i need a laugh on spotify,joke
would you mind if you boot up today,open_app
"hey, set a timer",set_alarm
i need you to do you know the time assistant,time
please music please,play_music
please hello,greeting
greetings please,greeting
would you mind if you go to,open_app
could you put on a playlist,play_music
"ok, google",search_web
"hey assistant, yo",greeting
i need you to what's the weather like for me,weather
i need you to yo,greeting
"hey, remind me",set_alarm
please do i need an umbrella at 7 am,weather
"ok, good evening assistant",greeting
just create a timer,set_alarm
would you mind if you do i need an umbrella,weather
please tell me a joke,joke
"hey assistant, google",search_web
could you what's the weather like for 10 minutes,weather
could you play a song,play_music
search the web for quickly,search_web
would you mind if you set a timer,set_alarm
"ok, is it raining outside",weather
farewell,farewell
can you could you tell me the time about space,time
"ok, i'm leaving",farewell
"hey, search for in new york",search_web
could you good evening,greeting
i need you to shuffle my songs,play_music
"hey, bye bye",farewell
could you wake me up,set_alarm
say a joke right now,joke
can you bye bye on youtube,farewell
please good afternoon in london,greeting
"hey, play a song about space",play_music
would you mind if you i'm leaving on spotify,farewell
can you timer for at 7 am,set_alarm
could you can you open for me,open_app
please play some tunes,play_music
i need you to launch,open_app
just gotta go for 10 minutes,farewell
could you do i need an umbrella,weather
i need you to what's up on spotify,greeting
could you good evening,greeting
i need you to i need a laugh on youtube,joke
would you mind if you show me in london,open_app
please how is the weather for 10 minutes,weather
howdy please,greeting
can you bye for 10 minutes,farewell
please bye about space,farewell
just crack a joke quickly,joke
"hey assistant, what's the weather like at 7 am",weather
please farewell tomorrow,farewell
just show me today,open_app
"ok, say a joke please",joke
"hey, set an alarm",set_alarm
i need you to start,open_app
tell me a joke,joke
could you time check quickly,time
"hey assistant, gotta go",farewell
please what is the temperature,weather
would you mind if you play some music now,play_music
make me laugh about dogs,joke
"hey, say a joke on youtube",joke
"hey assistant, gotta go",farewell
please resume playback,play_music
i need you to talk to you soon,farewell
i need you to how are you for 10 minutes,greeting
can you tell me about on spotify,search_web
can you look up,search_web
add an alarm,set_alarm
please add an alarm friend,set_alarm
see ya about dogs,farewell
could you tell me the forecast,weather
"ok, hey on youtube",greeting
please open up,open_app
would you mind if you what is now,search_web
i need you to what's the weather like,weather
can you tell me something funny assistant,joke
"ok, launch",open_app
find information about for me,search_web
could you play some music in london,play_music
new alarm on spotify,set_alarm
just play some music please,play_music
please say a joke about space,joke
please show me about space,open_app
i need you to what is the time,time
please what's the weather like in london,weather
please tell me the forecast please,weather
"hey, hello",greeting
could you do i need an umbrella friend,weather
"hey assistant, what's up",greeting
"hey assistant, open up",open_app
just start buddy,open_app
just wake me up at 7 am,set_alarm
"ok, do you know the time",time
add an alarm,set_alarm
current time please,time
"ok, play some music",play_music
can you what is,search_web
"ok, gotta go please",farewell
just play a song assistant,play_music
"ok, tell me a joke",joke
boot up tomorrow,open_app
"hey, current time please",time
"hey assistant, crack a joke about space",joke
just greetings,greeting
can you what is the temperature,weather
"hey, who is",search_web
"hey assistant, say a joke",joke
could you what time is it,time
could you resume playback,play_music
i need you to say a joke,joke
would you mind if you catch you later,farewell
"ok, talk to you soon",farewell
just goodbye,farewell
i need you to what's the clock say tomorrow,time
"hey, play a song for 10 minutes",play_music
can you how are you,greeting
just look up tomorrow,search_web
"hey, bye bye",farewell
"hey, add an alarm",set_alarm
i need you to music please buddy,play_music
play a song,play_music
can you talk to you soon,farewell
can you see ya,farewell
can you i need a laugh,joke
please wake me up,set_alarm
"hey, have a good one in london",farewell
music please for 10 minutes,play_music
"hey assistant, greetings at 7 am",greeting
"hey assistant, look up right now",search_web
please can you google,search_web
"hey assistant, what's the weather like on youtube",weather
"ok, go to",open_app
"ok, time check about space",time
would you mind if you play some music now,play_music
would you mind if you is it raining outside,weather
tell me something funny friend,joke
can you tell me the forecast at 7 am,weather
could you play a song at 7 am,play_music
play a song now,play_music
i need you to is it raining outside about dogs,weather
can you set a timer quickly,set_alarm
would you mind if you good afternoon at 7 am,greeting
what's the weather like,weather
i need you to crack a joke in london,joke
could you launch,open_app
i need you to open the app now,open_app
would you mind if you good evening,greeting
would you mind if you tell me something funny quickly,joke
just go to,open_app
have a good one friend,farewell
launch about dogs,open_app
can you search for,search_web
would you mind if you how is the weather,weather
please start playing music please,play_music
can you can you google,search_web
can you have a good one for 10 minutes,farewell
"hey assistant, hello assistant",greeting
"hey assistant, talk to you soon",farewell
"hey, new alarm",set_alarm
please start playing music,play_music
"hey, do you know any jokes on spotify",joke
please create a timer tomorrow,set_alarm
please search for on youtube,search_web
what's the weather like,weather
i need you to what's the clock say buddy,time
"hey, launch",open_app
can you google buddy,search_web
could you play some tunes,play_music
please find information about quickly,search_web
"ok, add an alarm friend",set_alarm
i need you to time check today,time
please play a song,play_music
can you is it sunny about space,weather
show me,open_app
just new alarm about space,set_alarm
"ok, is it sunny",weather
can you tell me the time,time
i need you to set an alarm quickly,set_alarm
"hey assistant, do i need an umbrella",weather
"hey, can you open about dogs",open_app
"hey assistant, hi there on spotify",greeting
timer for friend,set_alarm
could you do i need an umbrella,weather
just peace out at 7 am,farewell
"ok, could you tell me the time",time
good afternoon assistant,greeting
open the app,open_app
goodbye,farewell
can you add an alarm,set_alarm
just google,search_web
can you resume playback,play_music
catch you later,farewell
could you crack a joke buddy,joke
"hey assistant, say a joke at 7 am",joke
just hiya about space,greeting
please current time please,time
just put on a playlist,play_music
i need you to google on youtube,search_web
can you add an alarm for me,set_alarm
just see ya,farewell
i need you to what time is it,time
i need you to see ya tomorrow,farewell
can you who is friend,search_web
please hey,greeting
i need you to peace out for 10 minutes,farewell
"ok, make me laugh today",joke
i need you to show me,open_app
please is it raining outside today,weather
could you how is the weather for me,weather
i need you to make me laugh tomorrow,joke
"hey, what's the clock say",time
could you shuffle my songs on spotify,play_music
"hey assistant, what's the clock say",time
please do you know any jokes for 10 minutes,joke
just tell me something funny,joke
"hey assistant, goodbye friend",farewell
i need you to what's the weather like,weather
"ok, tell me a joke about space",joke
"ok, i'm leaving please",farewell
would you mind if you start please,open_app
"hey, could you tell me the time",time
"hey assistant, what time is it friend",time
can you find information about,search_web
boot up,open_app
just do i need an umbrella,weather
say a joke,joke
"hey, new alarm about space",set_alarm
would you mind if you google buddy,search_web
"hey, timer for",set_alarm
"hey, wake me up for me",set_alarm
"hey assistant, music please today",play_music
please have a good one about dogs,farewell
just good morning,greeting
would you mind if you add an alarm tomorrow,set_alarm
"ok, see you later in london",farewell
please current time please,time
howdy,greeting
just what's the weather like assistant,weather
could you resume playback friend,play_music
tell me the time right now,time
can you make me laugh,joke
i need you to google in london,search_web
could you do you know any jokes,joke
find information about,search_web
just search for,search_web
"hey assistant, tell me something funny today",joke
would you mind if you start for 10 minutes,open_app
i need you to how is the weather,weather
"ok, could you tell me the time",time
"ok, hello please",greeting
"hey, tell me a joke",joke
"hey assistant, say a joke for me",joke
please start now,open_app
what is the temperature for me,weather
"ok, current time please",time
make me laugh buddy,joke
"hey assistant, i want to listen to music",play_music
please tell me about for 10 minutes,search_web
"hey, what time is it",time
please boot up,open_app
just boot up,open_app
please play some music,play_music
"ok, good evening",greeting
play a song,play_music
"hey assistant, boot up now",open_app
just hi,greeting
can you set an alarm,set_alarm
i need you to have a good one,farewell
just start,open_app
can you what is the time,time
good afternoon for 10 minutes,greeting
please launch,open_app
"ok, could you tell me the time",time
could you how is the weather,weather
"ok, tell me a joke quickly",joke
would you mind if you what is the temperature friend,weather
remind me in london,set_alarm
could you who is buddy,search_web
can you set an alarm,set_alarm
"ok, create a timer",set_alarm
would you mind if you start,open_app
just crack a joke,joke
can you good morning in new york,greeting
crack a joke now,joke
just shuffle my songs right now,play_music
"hey, yo",greeting
can you tell me something funny in london,joke
"hey, do you know the time friend",time
"hey assistant, new alarm on youtube",set_alarm
"ok, what time is it on youtube",time
"ok, show me",open_app
please goodbye quickly,farewell
"hey assistant, what's the weather like about dogs",weather
would you mind if you start on spotify,open_app
i need you to goodbye,farewell
timer for tomorrow,set_alarm
could you create a timer,set_alarm
i need you to is it raining outside at 7 am,weather
just hello,greeting
can you who is,search_web
"hey, i need a laugh friend",joke
would you mind if you hi,greeting
can you peace out about space,farewell
can you time check on spotify,time
please open the app,open_app
just can you google for me,search_web
just do you know any jokes right now,joke
just launch in new york,open_app
would you mind if you tell me the forecast,weather
"hey, what's the weather like",weather
please what's up,greeting
"hey assistant, put on a playlist",play_music
"hey assistant, put on a playlist",play_music
i need you to what's up assistant,greeting
i need you to start on spotify,open_app
"hey assistant, start playing music on youtube",play_music
i need you to peace out,farewell
"ok, start playing music right now",play_music
just tell me the forecast,weather
"hey, what's up for 10 minutes",greeting
would you mind if you new alarm friend,set_alarm
i need you to tell me about quickly,search_web
would you mind if you farewell buddy,farewell
would you mind if you play some music buddy,play_music
can you what's up about dogs,greeting
can you who is buddy,search_web
set an alarm,set_alarm
i need you to make me laugh for me,joke
just is it raining outside,weather
please good morning,greeting
just create a timer,set_alarm
could you yo,greeting
"ok, what's the clock say",time
"ok, google on spotify",search_web
"hey, talk to you soon",farewell
please play some music,play_music
"hey assistant, current time please",time
i need you to talk to you soon on spotify,farewell
please greetings on spotify,greeting
would you mind if you new alarm please,set_alarm
what time is it,time
can you search the web for,search_web
"ok, put on a playlist about space",play_music
could you launch,open_app
"hey, how is the weather",weather
time check on spotify,time
i need you to what's up,greeting
could you do you know the time quickly,time
how is the weather,weather
i need you to put on a playlist on youtube,play_music
how is the weather on youtube,weather
"ok, new alarm please",set_alarm
please what's the clock say for 10 minutes,time
would you mind if you what's up,greeting
"hey assistant, crack a joke buddy",joke
could you how is the weather,weather
"hey, tell me the forecast",weather
open the app friend,open_app
could you boot up for 10 minutes,open_app
could you hey,greeting
"ok, tell me about at 7 am",search_web
"hey, have a good one",farewell
can you search for tomorrow,search_web
what time is it,time
"hey assistant, do i need an umbrella about dogs",weather
could you show me at 7 am,open_app
just tell me the time friend,time
can you tell me the forecast assistant,weather
can you start,open_app
set a timer,set_alarm
i need you to do you know the time,time
could you howdy right now,greeting
would you mind if you how is the weather,weather
would you mind if you i want to listen to music on spotify,play_music
"ok, resume playback",play_music
would you mind if you crack a joke quickly,joke
i need you to what time is it,time
can you what time is it assistant,time
"hey assistant, open the app",open_app
just open up for me,open_app
i need you to music please,play_music
i need you to open the app in new york,open_app
"hey assistant, find information about on spotify",search_web
would you mind if you could you tell me the time,time
"hey assistant, tell me something funny",joke
"hey assistant, crack a joke",joke
"hey, hiya",greeting
would you mind if you timer for,set_alarm
can you how are you,greeting
"hey, crack a joke",joke
could you what is the time,time
"hey, hiya",greeting
can you what's the clock say at 7 am,time
would you mind if you play a song,play_music
would you mind if you set a timer,set_alarm
tell me something funny,joke
please open the app,open_app
"hey assistant, boot up on youtube",open_app
would you mind if you see you later buddy,farewell
"hey assistant, see you later",farewell
"ok, set a timer in new york",set_alarm
farewell,farewell
just bye bye quickly,farewell
would you mind if you howdy,greeting
have a good one at 7 am,farewell
"ok, look up",search_web
can you what is please,search_web
search the web for,search_web
just what is the temperature about dogs,weather
could you show me in london,open_app
launch,open_app
goodbye now,farewell
would you mind if you hi,greeting
just have a good one now,farewell
"ok, what time is it",time
"hey, remind me",set_alarm
"hey, how is the weather",weather
could you bye about space,farewell
"hey assistant, timer for on spotify",set_alarm
"hey, is it sunny",weather
"hey assistant, search the web for assistant",search_web
i need you to create a timer in new york,set_alarm
"hey assistant, what time is it",time
"ok, play a song buddy",play_music
search the web for on youtube,search_web
please catch you later,farewell
would you mind if you is it sunny at 7 am,weather
just who is,search_web
just open the app,open_app
would you mind if you look up,search_web
"ok, hiya at 7 am",greeting
can you crack a joke,joke
howdy,greeting
could you add an alarm,set_alarm
"ok, hi",greeting
shuffle my songs quickly,play_music
could you can you open,open_app
could you do i need an umbrella tomorrow,weather
can you goodbye please,farewell
can you do you know any jokes in new york,joke
just boot up on spotify,open_app
could you is it sunny,weather
can you add an alarm buddy,set_alarm
would you mind if you top of the morning buddy,greeting
resume playback please,play_music
i need you to do you know the time,time
could you timer for,set_alarm
just remind me right now,set_alarm
can you can you google for me,search_web
would you mind if you talk to you soon in new york,farewell
would you mind if you do you know any jokes,joke
could you good evening about dogs,greeting
just have a good one about space,farewell
"hey assistant, tell me the time",time
would you mind if you find information about,search_web
"hey assistant, hiya",greeting
i need you to do you know the time,time
"hey, show me right now",open_app
"ok, what is",search_web
would you mind if you remind me today,set_alarm
do i need an umbrella,weather
i need you to current time please now,time
could you add an alarm on spotify,set_alarm
"hey, peace out",farewell
just can you open tomorrow,open_app
just what is the time,time
"hey, music please",play_music
can you add an alarm today,set_alarm
just add an alarm for me,set_alarm
current time please about dogs,time
i need you to hi,greeting
resume playback friend,play_music
farewell,farewell
"hey assistant, time check",time
would you mind if you good morning assistant,greeting
just look up,search_web
"hey assistant, what is the time",time
please add an alarm tomorrow,set_alarm
please tell me the time now,time
could you can you google about space,search_web
say a joke for 10 minutes,joke
"hey assistant, i'm leaving",farewell
just do you know any jokes,joke
i need you to do i need an umbrella,weather
just play a song assistant,play_music
just i need a laugh,joke
could you tell me the time right now,time
i need you to tell me something funny on spotify,joke
"hey, play some tunes right now",play_music
just i want to listen to music assistant,play_music
would you mind if you do you know any jokes on spotify,joke
please what time is it,time
could you is it sunny quickly,weather
would you mind if you say a joke,joke
could you current time please buddy,time
just boot up,open_app
would you mind if you i want to listen to music about space,play_music
could you tell me something funny,joke
"ok, i need a laugh",joke
i need you to time check friend,time
just what time is it about space,time
please can you google about dogs,search_web
peace out,farewell
please make me laugh,joke
would you mind if you new alarm,set_alarm
please start for me,open_app
what is,search_web
"ok, set a timer about space",set_alarm
could you what's the weather like friend,weather
just do you know the time,time
"hey assistant, search for in new york",search_web
could you hiya,greeting
i need you to remind me friend,set_alarm
what is,search_web
would you mind if you farewell quickly,farewell
"hey, i'm leaving",farewell
would you mind if you play some tunes,play_music
i need you to open up in london,open_app
"hey assistant, resume playback for 10 minutes",play_music
please google,search_web
could you tell me the time,time
just new alarm,set_alarm
search for for 10 minutes,search_web
"hey, current time please",time
could you remind me,set_alarm
i need you to what's up,greeting
"ok, crack a joke",joke
see you later,farewell
just tell me the forecast,weather
just catch you later,farewell
just start,open_app
just add an alarm on spotify,set_alarm
can you say a joke,joke
"ok, hi there buddy",greeting
please search the web for,search_web
could you search for about dogs,search_web
just find information about today,search_web
"ok, add an alarm on youtube",set_alarm
"ok, search the web for on spotify",search_web
"ok, new alarm",set_alarm
please new alarm at 7 am,set_alarm
would you mind if you tell me the time,time
"hey assistant, do you know any jokes quickly",joke
"ok, tell me the forecast on spotify",weather
could you could you tell me the time please,time
just can you google,search_web
"ok, farewell",farewell
could you bye bye,farewell
"hey assistant, timer for on spotify",set_alarm
please what time is it,time
i need you to time check in new york,time
google quickly,search_web
what is the time,time
could you set a timer today,set_alarm
"hey assistant, what is the time",time
i need you to current time please,time
"hey assistant, greetings",greeting
see ya,farewell
would you mind if you could you tell me the time please,time
would you mind if you good evening in new york,greeting
please see you later on spotify,farewell
play some tunes,play_music
please goodbye friend,farewell
"ok, resume playback",play_music
"hey, is it raining outside for 10 minutes",weather
i need you to time check today,time
please time check,time
can you tell me the time,time
please tell me the time friend,time
"hey assistant, hi there in london",greeting
could you tell me a joke please,joke
just crack a joke at 7 am,joke
"ok, go to",open_app
can you bye bye please,farewell
can you make me laugh buddy,joke
just add an alarm buddy,set_alarm
could you have a good one,farewell
would you mind if you boot up,open_app
would you mind if you play a song,play_music
just how is the weather today,weather
would you mind if you see ya,farewell
can you set an alarm,set_alarm
could you is it sunny,weather
"hey assistant, do i need an umbrella for 10 minutes",weather
can you what's up,greeting
i need you to tell me something funny,joke
"ok, what is for me",search_web
could you timer for,set_alarm
can you can you open,open_app
would you mind if you how is the weather right now,weather
goodbye,farewell
please search for at 7 am,search_web
i need you to what's the weather like,weather
search for,search_web
"hey, play some tunes at 7 am",play_music
could you can you open friend,open_app
would you mind if you how is the weather,weather
"ok, look up now",search_web
would you mind if you greetings today,greeting
just play some music,play_music
please is it raining outside,weather
i need you to hiya,greeting
would you mind if you say a joke,joke
just i need a laugh assistant,joke
"ok, what is the temperature now",weather
could you find information about on spotify,search_web
could you say a joke quickly,joke
"ok, remind me",set_alarm
"hey, catch you later for 10 minutes",farewell
"hey assistant, good morning assistant",greeting
would you mind if you what is the temperature buddy,weather
would you mind if you i need a laugh,joke
please is it raining outside please,weather
i need you to start playing music,play_music
i need you to remind me,set_alarm
i need you to resume playback in new york,play_music
please farewell,farewell
see you later,farewell
"ok, have a good one",farewell
would you mind if you time check,time
"ok, talk to you soon now",farewell
can you tell me a joke in new york,joke
"ok, play a song",play_music
"hey assistant, tell me a joke at 7 am",joke
i need you to goodbye tomorrow,farewell
i need you to talk to you soon buddy,farewell
can you launch assistant,open_app
"ok, open the app",open_app
"ok, play some tunes assistant",play_music
i need you to can you open in new york,open_app
would you mind if you what is the temperature,weather
please play some music,play_music
"hey assistant, shuffle my songs on youtube",play_music
boot up,open_app
can you top of the morning,greeting
could you start,open_app
just current time please,time
could you search the web for about dogs,search_web
just what is the temperature,weather
"hey, set an alarm",set_alarm
"hey, search for",search_web
"hey, hiya for 10 minutes",greeting
just set an alarm,set_alarm
"hey assistant, what is the temperature now",weather
just do i need an umbrella quickly,weather
would you mind if you start playing music please,play_music
i need you to yo,greeting
"hey, tell me about",search_web
could you talk to you soon on youtube,farewell
"hey, put on a playlist for 10 minutes",play_music
could you remind me about space,set_alarm
could you add an alarm,set_alarm
what time is it,time
would you mind if you gotta go,farewell
"hey, music please in london",play_music
please create a timer,set_alarm
please farewell assistant,farewell
just go to today,open_app
can you hello,greeting
can you can you google,search_web
would you mind if you shuffle my songs,play_music
please peace out,farewell
just put on a playlist,play_music
please i want to listen to music,play_music
just create a timer,set_alarm
could you what is the temperature about space,weather
would you mind if you add an alarm quickly,set_alarm
please gotta go,farewell
"ok, what's the clock say",time
can you what is on spotify,search_web
could you crack a joke today,joke
would you mind if you say a joke right now,joke
play a song,play_music
i need you to goodbye,farewell
"hey assistant, play some tunes",play_music
"hey, goodbye friend",farewell
"hey, hiya",greeting
"hey assistant, i want to listen to music about space",play_music
just how is the weather on spotify,weather
would you mind if you current time please about space,time
would you mind if you resume playback,play_music
just what's up tomorrow,greeting
please could you tell me the time,time
can you see you later quickly,farewell
could you howdy at 7 am,greeting
"hey, search for",search_web
boot up,open_app
please open up buddy,open_app
can you timer for,set_alarm
can you start now,open_app
would you mind if you good morning,greeting
what's up about space,greeting
say a joke right now,joke
"hey, boot up",open_app
what's up right now,greeting
just do i need an umbrella,weather
would you mind if you what's the clock say quickly,time
could you who is on youtube,search_web
would you mind if you top of the morning in new york,greeting
"ok, add an alarm",set_alarm
i need you to show me,open_app
"hey, play a song right now",play_music
"hey, have a good one",farewell
tell me about please,search_web
"ok, do i need an umbrella for me",weather
i need you to hey at 7 am,greeting
please what's the weather like,weather
"ok, go to",open_app
please timer for,set_alarm
"hey assistant, what's up please",greeting
"ok, can you open",open_app
could you do you know any jokes in new york,joke
would you mind if you who is,search_web
just could you tell me the time,time
"ok, hello buddy",greeting
"hey, boot up buddy",open_app
i need you to time check,time
could you i want to listen to music on youtube,play_music
just start,open_app
would you mind if you current time please assistant,time
can you set a timer,set_alarm
would you mind if you how is the weather please,weather
"hey, howdy",greeting
do i need an umbrella,weather
"hey assistant, search for",search_web
please is it sunny quickly,weather
just make me laugh,joke
could you launch,open_app
can you google,search_web
can you what is the temperature on youtube,weather
i need you to have a good one at 7 am,farewell
i need you to tell me a joke,joke
"hey assistant, remind me for me",set_alarm
would you mind if you i'm leaving quickly,farewell
"hey, what is the temperature for 10 minutes",weather
"ok, play some music",play_music
please time check for 10 minutes,time
"ok, crack a joke in new york",joke
"hey, current time please",time
just what is buddy,search_web
"ok, peace out",farewell
"hey, tell me the time for 10 minutes",time
can you new alarm now,set_alarm
could you tell me the time,time
boot up,open_app
"hey assistant, google",search_web
"hey assistant, look up quickly",search_web
could you can you open on youtube,open_app
peace out,farewell
"hey assistant, create a timer",set_alarm
could you who is,search_web
"hey, new alarm friend",set_alarm
please search the web for for 10 minutes,search_web
"hey, tell me the forecast",weather
remind me,set_alarm
"hey assistant, new alarm",set_alarm
please open up,open_app
would you mind if you howdy,greeting
can you hey,greeting
please time check,time
could you can you open,open_app
please show me assistant,open_app
"hey assistant, current time please about dogs",time
"hey, start playing music for 10 minutes",play_music
can you open the app please,open_app
just good evening at 7 am,greeting
would you mind if you yo,greeting
"hey assistant, what's the clock say",time
"hey, can you google buddy",search_web
"ok, can you google in new york",search_web
i need you to have a good one now,farewell
can you what is the temperature in london,weather
wake me up,set_alarm
"hey assistant, google",search_web
would you mind if you put on a playlist friend,play_music
just tell me something funny on spotify,joke
"ok, what time is it",time
just wake me up,set_alarm
"hey assistant, say a joke about dogs",joke
just bye bye quickly,farewell
would you mind if you make me laugh,joke
shuffle my songs at 7 am,play_music
"hey, do you know any jokes",joke
could you how are you please,greeting
current time please at 7 am,time
"hey, play some tunes assistant",play_music
"hey assistant, start playing music friend",play_music
just remind me,set_alarm
can you create a timer,set_alarm
"ok, gotta go",farewell
would you mind if you tell me the forecast,weather
crack a joke,joke
"hey, play some tunes",play_music
"hey assistant, open the app please",open_app
i need you to what is the temperature,weather
i need you to music please tomorrow,play_music
can you farewell,farewell
i'm leaving friend,farewell
"ok, open up for 10 minutes",open_app
can you i need a laugh please,joke
"hey assistant, hiya",greeting
please crack a joke,joke
just create a timer,set_alarm
can you open the app right now,open_app
new alarm now,set_alarm
would you mind if you could you tell me the time,time
can you tell me a joke now,joke
"hey assistant, see you later about dogs",farewell
can you see ya quickly,farewell
can you how are you tomorrow,greeting
"ok, what is the temperature",weather
can you new alarm friend,set_alarm
can you show me about space,open_app
have a good one in london,farewell
could you current time please quickly,time
would you mind if you set an alarm tomorrow,set_alarm
could you launch friend,open_app
could you is it sunny,weather
"hey, do i need an umbrella",weather
"hey, what time is it in new york",time
hi buddy,greeting
would you mind if you look up,search_web
"ok, crack a joke",joke
just search the web for,search_web
can you launch assistant,open_app
start please,open_app
can you open up,open_app
could you look up,search_web
tell me something funny today,joke
can you tell me a joke for me,joke
"hey, is it sunny friend",weather
could you what's the weather like,weather
would you mind if you say a joke for me,joke
could you how are you,greeting
"hey, shuffle my songs",play_music
"hey, i need a laugh tomorrow",joke
i need you to greetings at 7 am,greeting
"hey assistant, tell me a joke",joke
can you create a timer,set_alarm
please top of the morning now,greeting
i need you to tell me a joke tomorrow,joke
say a joke,joke
just open the app about space,open_app
talk to you soon quickly,farewell
i need you to do i need an umbrella in new york,weather
shuffle my songs now,play_music
i need you to set an alarm about dogs,set_alarm
i need you to shuffle my songs,play_music
"hey, make me laugh on youtube",joke
"hey assistant, what's up",greeting
"hey assistant, play a song",play_music
"hey, good evening",greeting
could you who is,search_web
just how is the weather,weather
"hey, boot up",open_app
set a timer,set_alarm
could you music please at 7 am,play_music
"hey assistant, have a good one at 7 am",farewell
"hey, do you know any jokes for me",joke
"hey, start at 7 am",open_app
i need you to goodbye,farewell
i need you to tell me something funny,joke
"hey, do i need an umbrella in new york",weather
would you mind if you boot up tomorrow,open_app
i need you to open up,open_app
"hey assistant, what is",search_web
would you mind if you i'm leaving buddy,farewell
could you peace out,farewell
please i want to listen to music,play_music
add an alarm,set_alarm
"hey, remind me",set_alarm
could you have a good one,farewell
could you good afternoon,greeting
"ok, set a timer",set_alarm
can you catch you later on youtube,farewell
"ok, open the app friend",open_app
please i want to listen to music,play_music
"hey, bye",farewell
"hey assistant, what is the time friend",time
can you talk to you soon,farewell
just hiya about space,greeting
"hey assistant, make me laugh buddy",joke
"hey, what is for me",search_web
could you play some music,play_music
just farewell,farewell
would you mind if you catch you later right now,farewell
can you see ya please,farewell
"hey assistant, start",open_app
would you mind if you open up for 10 minutes,open_app
"ok, how is the weather",weather
"hey assistant, what is on youtube",search_web
please what's the clock say in london,time
just crack a joke,joke
"ok, find information about",search_web
"ok, do you know the time",time
would you mind if you goodbye quickly,farewell
"ok, what time is it",time
"ok, do i need an umbrella",weather
just i need a laugh,joke
find information about about dogs,search_web
i need you to show me,open_app
just open the app,open_app
"hey assistant, tell me something funny",joke
can you tell me something funny for me,joke
would you mind if you hi,greeting
please gotta go at 7 am,farewell
"hey, do you know any jokes",joke
i need you to create a timer,set_alarm
"hey assistant, what's up today",greeting
please put on a playlist,play_music
i need you to bye,farewell
could you shuffle my songs at 7 am,play_music
would you mind if you shuffle my songs,play_music
can you is it raining outside about space,weather
"ok, goodbye",farewell
"hey, do i need an umbrella assistant",weather
show me,open_app
please yo in london,greeting
"hey assistant, do i need an umbrella about space",weather
just new alarm today,set_alarm
just crack a joke,joke
i need you to can you google,search_web
"ok, tell me the time for me",time
please search the web for,search_web
could you tell me the forecast,weather
please play some music,play_music
could you do you know the time,time
just remind me,set_alarm
"hey assistant, search for",search_web
just talk to you soon,farewell
"hey assistant, show me",open_app
search the web for,search_web
i need you to what is the temperature,weather
add an alarm,set_alarm
could you who is,search_web
could you say a joke,joke
can you do you know the time buddy,time
just tell me something funny,joke
"hey assistant, say a joke for me",joke
please go to buddy,open_app
"ok, good evening for 10 minutes",greeting
i need you to what time is it,time
"hey assistant, open the app friend",open_app
please see you later,farewell
"ok, start playing music in new york",play_music
can you tell me a joke in london,joke
can you open up,open_app
can you i want to listen to music,play_music
would you mind if you can you open today,open_app
"hey assistant, search for friend",search_web
just go to,open_app
"hey, open up",open_app
"hey, new alarm assistant",set_alarm
please bye bye,farewell
please what's the weather like for 10 minutes,weather
i need you to how is the weather,weather
would you mind if you find information about,search_web
would you mind if you show me,open_app
just do i need an umbrella,weather
"hey assistant, is it sunny",weather
"hey, play a song",play_music
just tell me a joke in london,joke
would you mind if you what's the clock say buddy,time
"hey, tell me the forecast",weather
can you who is,search_web
can you hello,greeting
can you tell me the forecast,weather
"hey assistant, tell me a joke",joke
"hey assistant, what is the temperature",weather
"hey assistant, tell me the time now",time
just bye tomorrow,farewell
would you mind if you go to now,open_app
"ok, play a song about space",play_music
tell me the forecast,weather
please show me,open_app
"hey, what time is it tomorrow",time
could you hiya about dogs,greeting
"hey assistant, what's the clock say",time
"ok, what time is it at 7 am",time
"hey assistant, find information about about space",search_web
"ok, gotta go",farewell
could you google about space,search_web
can you search for,search_web
"hey, remind me",set_alarm
please what is assistant,search_web
"hey, open the app",open_app
just add an alarm quickly,set_alarm
can you tell me something funny,joke
"hey, do you know any jokes",joke
would you mind if you add an alarm in london,set_alarm
please how is the weather for 10 minutes,weather
would you mind if you put on a playlist,play_music
could you can you open,open_app
"ok, who is in new york",search_web
i need you to timer for,set_alarm
would you mind if you put on a playlist on youtube,play_music
"hey assistant, set a timer in new york",set_alarm
could you set an alarm,set_alarm
would you mind if you set a timer,set_alarm
"hey assistant, howdy right now",greeting
please open up in new york,open_app
please set an alarm,set_alarm
just remind me please,set_alarm
can you google,search_web
please make me laugh on youtube,joke
could you can you open tomorrow,open_app
"hey, what is the temperature",weather
"hey assistant, tell me a joke now",joke
would you mind if you google,search_web
"ok, play a song",play_music
could you can you open in new york,open_app
can you good afternoon,greeting
"ok, what's the clock say quickly",time
please who is,search_web
would you mind if you play some tunes,play_music
i need you to go to please,open_app
could you is it raining outside buddy,weather
can you search the web for,search_web
"hey, what time is it",time
can you bye,farewell
who is,search_web
"hey, tell me a joke",joke
just go to,open_app
"hey, what is buddy",search_web
please make me laugh now,joke
"hey assistant, launch",open_app
"ok, timer for",set_alarm
"hey, can you google",search_web
"ok, set an alarm assistant",set_alarm
could you open the app now,open_app
"ok, show me",open_app
would you mind if you search for,search_web
can you i need a laugh assistant,joke
i need you to how is the weather buddy,weather
please see you later,farewell
"hey, shuffle my songs right now",play_music
please play a song friend,play_music
just who is,search_web
would you mind if you set an alarm please,set_alarm
can you open up for 10 minutes,open_app
would you mind if you play some music,play_music
please can you google in london,search_web
"hey assistant, can you google buddy",search_web
"hey assistant, good morning on youtube",greeting
i need you to google on spotify,search_web
"hey assistant, play some music for me",play_music
just find information about,search_web
can you good morning quickly,greeting
i need you to make me laugh in new york,joke
can you how is the weather,weather
"hey, do you know any jokes in new york",joke
put on a playlist on spotify,play_music
please what's the weather like please,weather
i need you to tell me about,search_web
i need you to create a timer please,set_alarm
"ok, peace out",farewell
"hey, hey at 7 am",greeting
please can you open,open_app
"ok, current time please at 7 am",time
remind me now,set_alarm
"ok, look up",search_web
could you hiya buddy,greeting
can you what time is it,time
can you set a timer on spotify,set_alarm
"hey assistant, hello",greeting
just gotta go,farewell
i need you to hiya for me,greeting
just good evening please,greeting
"ok, what's the weather like",weather
please music please on youtube,play_music
"hey, what is",search_web
just tell me the forecast for me,weather
"ok, shuffle my songs",play_music
can you i'm leaving about space,farewell
just current time please for 10 minutes,time
"hey, i want to listen to music",play_music
"ok, see ya",farewell
would you mind if you new alarm right now,set_alarm
can you i need a laugh,joke
please set an alarm,set_alarm
"hey, tell me a joke",joke
"hey assistant, remind me about dogs",set_alarm
"ok, launch",open_app
just resume playback,play_music
"ok, peace out right now",farewell
"hey assistant, what is the time",time
please play some music now,play_music
"hey, who is on youtube",search_web
"ok, set a timer right now",set_alarm
tell me a joke for me,joke
would you mind if you time check in london,time
would you mind if you what is in new york,search_web
"ok, create a timer",set_alarm
please see you later for me,farewell
would you mind if you start playing music please,play_music
what's up on spotify,greeting
just remind me for 10 minutes,set_alarm
can you search the web for,search_web
"hey, current time please",time
can you show me,open_app
"ok, set a timer assistant",set_alarm
would you mind if you who is,search_web
"hey assistant, how are you",greeting
would you mind if you do you know the time,time
"ok, who is",search_web
"ok, talk to you soon buddy",farewell
would you mind if you play a song please,play_music
"hey assistant, good afternoon on spotify",greeting
"hey assistant, make me laugh",joke
i need you to new alarm tomorrow,set_alarm
please can you open,open_app
i need you to who is quickly,search_web
"hey assistant, set an alarm today",set_alarm
i need you to howdy please,greeting
can you start playing music,play_music
would you mind if you new alarm assistant,set_alarm
"hey, gotta go",farewell
i need you to is it raining outside please,weather
can you is it sunny for 10 minutes,weather
"hey, howdy right now",greeting
"ok, crack a joke now",joke
"ok, bye",farewell
"hey, make me laugh",joke
please i'm leaving,farewell
"hey assistant, what's the clock say",time
please how is the weather for 10 minutes,weather
"hey, what is the temperature",weather
please hi about dogs,greeting
can you make me laugh buddy,joke
"hey assistant, do you know any jokes about dogs",joke
i need you to tell me a joke for 10 minutes,joke
"hey assistant, can you open for me",open_app
please howdy,greeting
"hey assistant, see you later",farewell
"hey assistant, boot up",open_app
"hey assistant, what's the clock say",time
would you mind if you good evening buddy,greeting
"hey, time check for 10 minutes",time
"hey, what is the temperature on spotify",weather
just tell me a joke,joke
"hey, put on a playlist in london",play_music
can you show me,open_app
"hey, play some tunes",play_music
can you set a timer on spotify,set_alarm
"hey assistant, boot up buddy",open_app
could you play some music now,play_music
i need you to crack a joke,joke
i need you to boot up right now,open_app
just goodbye,farewell
please do you know the time for me,time
just play some tunes,play_music
please what time is it,time
just what is the temperature please,weather
please launch about space,open_app
"ok, resume playback",play_music
"hey assistant, what's the weather like on spotify",weather
would you mind if you open up on youtube,open_app
i need you to can you google now,search_web
"ok, good afternoon",greeting
would you mind if you what's the clock say in new york,time
please put on a playlist friend,play_music
time check,time
i need you to talk to you soon,farewell
could you put on a playlist,play_music
can you i want to listen to music right now,play_music
"hey assistant, show me",open_app
could you i'm leaving,farewell
"hey, wake me up",set_alarm
do you know any jokes for 10 minutes,joke
please wake me up,set_alarm
do you know any jokes in new york,joke
could you is it raining outside right now,weather
i need you to who is buddy,search_web
"hey, time check please",time
please i want to listen to music,play_music
i need you to bye,farewell
can you crack a joke about space,joke
"ok, hello",greeting
"hey assistant, see ya",farewell
"ok, play some tunes now",play_music
would you mind if you create a timer,set_alarm
"hey, could you tell me the time tomorrow",time
please talk to you soon,farewell
please say a joke,joke
would you mind if you hi,greeting
please wake me up,set_alarm
"hey, bye for me",farewell
just farewell in london,farewell
would you mind if you set a timer,set_alarm
could you google,search_web
"hey, what's the weather like",weather
can you start playing music,play_music
"ok, boot up",open_app
please hey,greeting
"ok, farewell",farewell
could you how are you,greeting
"ok, new alarm",set_alarm
find information about at 7 am,search_web
could you search for,search_web
wake me up,set_alarm
just add an alarm,set_alarm
"ok, open the app",open_app
could you goodbye,farewell
i need you to tell me a joke,joke
could you is it sunny on youtube,weather
please tell me the forecast friend,weather
"ok, hi",greeting
can you shuffle my songs for 10 minutes,play_music
timer for in london,set_alarm
can you is it raining outside friend,weather
"hey assistant, hey",greeting
just play some tunes on spotify,play_music
bye bye,farewell
can you good evening today,greeting
just remind me on spotify,set_alarm
"hey, bye",farewell
"ok, play some tunes friend",play_music
please can you open,open_app
"hey assistant, tell me about",search_web
"hey, hello in london",greeting
"hey assistant, farewell",farewell
could you search for,search_web
"hey assistant, search for",search_web
"ok, see you later assistant",farewell
please i need a laugh about space,joke
just have a good one,farewell
would you mind if you tell me a joke,joke
tell me about,search_web
please have a good one friend,farewell
can you hiya on youtube,greeting
i need you to wake me up quickly,set_alarm
can you is it raining outside,weather
"hey assistant, what is the temperature now",weather
"hey assistant, crack a joke please",joke
"hey assistant, open up on youtube",open_app
"hey, could you tell me the time",time
timer for at 7 am,set_alarm
"hey, set an alarm",set_alarm
would you mind if you what time is it on spotify,time
could you start,open_app
what's the clock say at 7 am,time
just goodbye,farewell
can you yo,greeting
what is the temperature today,weather
just play some music,play_music
search for for me,search_web
could you who is on youtube,search_web
would you mind if you tell me something funny about space,joke
"hey assistant, hi there about dogs",greeting
just what's the clock say,time
"hey, goodbye",farewell
i need you to go to,open_app
please what is on youtube,search_web
"hey, launch for me",open_app
can you good afternoon on youtube,greeting
"hey, can you open about dogs",open_app
"hey, resume playback",play_music
would you mind if you hello,greeting
"hey assistant, show me right now",open_app
please show me,open_app
could you see ya about space,farewell
just search the web for,search_web
would you mind if you music please on youtube,play_music
please remind me on youtube,set_alarm
can you show me,open_app
can you what time is it please,time
i need you to go to tomorrow,open_app
would you mind if you what's the clock say,time
i need you to bye bye buddy,farewell
please do i need an umbrella buddy,weather
just catch you later,farewell
"ok, what's the weather like right now",weather
"ok, time check",time
could you new alarm,set_alarm
could you what time is it in new york,time
"hey assistant, tell me something funny",joke
could you goodbye at 7 am,farewell
"ok, do i need an umbrella",weather
could you tell me the forecast for me,weather
would you mind if you what's the weather like right now,weather
open up in new york,open_app
tell me about,search_web
would you mind if you what is today,search_web
please search the web for,search_web
please what is the time,time
"ok, set a timer",set_alarm
"ok, goodbye",farewell
"hey, top of the morning",greeting
find information about right now,search_web
please yo,greeting
"ok, timer for assistant",set_alarm
please start playing music for 10 minutes,play_music
would you mind if you tell me something funny right now,joke
"ok, do you know any jokes",joke
"hey, start playing music in new york",play_music
play a song today,play_music
could you good evening about space,greeting
"ok, start playing music",play_music
tell me the time,time
can you say a joke for 10 minutes,joke
could you catch you later friend,farewell
"ok, timer for",set_alarm
can you resume playback,play_music
timer for in london,set_alarm
i need you to tell me about,search_web
"hey assistant, farewell assistant",farewell
"hey assistant, start on spotify",open_app
i need you to remind me now,set_alarm
please tell me the time,time
"hey, play some tunes assistant",play_music
"hey, current time please",time
would you mind if you look up,search_web
"hey assistant, start playing music",play_music
"hey, hiya in new york",greeting
search for,search_web
just tell me the forecast today,weather
"hey, what's up on youtube",greeting
please farewell,farewell
can you talk to you soon now,farewell
"hey assistant, do you know the time about space",time
can you add an alarm,set_alarm
"ok, greetings",greeting
"ok, see ya",farewell
please is it raining outside,weather
could you set an alarm today,set_alarm
"ok, add an alarm about dogs",set_alarm
"ok, gotta go quickly",farewell
"ok, what time is it",time
could you i want to listen to music,play_music
can you gotta go assistant,farewell
can you resume playback,play_music
can you play some music,play_music
i need you to do you know any jokes buddy,joke
could you talk to you soon,farewell
can you what time is it now,time
"hey assistant, have a good one for me",farewell
just greetings in london,greeting
i need you to boot up,open_app
can you resume playback for me,play_music
"hey, find information about",search_web
"ok, show me tomorrow",open_app
"hey assistant, go to tomorrow",open_app
could you set a timer quickly,set_alarm
can you hi there,greeting
could you do you know any jokes,joke
just add an alarm friend,set_alarm
just i want to listen to music,play_music
could you yo,greeting
could you play some tunes about space,play_music
please gotta go assistant,farewell
"ok, hey",greeting
please i want to listen to music about dogs,play_music
would you mind if you top of the morning,greeting
could you good evening buddy,greeting
i need you to tell me something funny about space,joke
just play some music about space,play_music
can you find information about,search_web
"hey assistant, create a timer please",set_alarm
please good morning on youtube,greeting
"hey, bye about space",farewell
would you mind if you what is the time for me,time
could you remind me,set_alarm
i need you to play a song quickly,play_music
could you tell me the forecast,weather
"hey, can you open assistant",open_app
can you tell me the forecast assistant,weather
please crack a joke buddy,joke
just time check right now,time
what's up,greeting
would you mind if you do i need an umbrella friend,weather
"hey, see ya friend",farewell
i need you to goodbye assistant,farewell
please gotta go,farewell
music please,play_music
would you mind if you search for,search_web
just yo in london,greeting
please play some tunes about dogs,play_music
i need you to boot up,open_app
just catch you later on spotify,farewell
"hey, wake me up in new york",set_alarm
"ok, do you know any jokes",joke
"ok, do you know the time on spotify",time
please catch you later on spotify,farewell
"hey assistant, i'm leaving",farewell
"ok, can you open",open_app
"hey, bye",farewell
can you shuffle my songs for 10 minutes,play_music
"ok, what is the temperature now",weather
"hey assistant, set an alarm",set_alarm
could you what is the temperature,weather
i need you to i want to listen to music about space,play_music
would you mind if you say a joke please,joke
could you is it sunny,weather
could you tell me a joke about dogs,joke
"hey, see ya friend",farewell
would you mind if you remind me on spotify,set_alarm
can you tell me the time about dogs,time
please add an alarm about space,set_alarm
can you what's the weather like,weather
can you is it raining outside quickly,weather
could you tell me something funny please,joke
"hey, open up now",open_app
just good morning,greeting
i need you to good morning,greeting
wake me up for me,set_alarm
could you see ya,farewell
just play some music,play_music
just hey,greeting
i need you to launch about space,open_app
please tell me something funny,joke
"hey, talk to you soon about space",farewell
could you good morning in new york,greeting
"hey assistant, how is the weather in new york",weather
please how is the weather,weather
tell me the time,time
bye,farewell
can you open the app,open_app
please play a song,play_music
"ok, new alarm about dogs",set_alarm
i want to listen to music for me,play_music
"hey, current time please for 10 minutes",time
can you find information about,search_web
just peace out quickly,farewell
just tell me something funny about dogs,joke
would you mind if you who is on youtube,search_web
just catch you later,farewell
please see you later today,farewell
please crack a joke assistant,joke
just good evening,greeting
"ok, good evening",greeting
"ok, shuffle my songs for 10 minutes",play_music
can you say a joke about dogs,joke
can you do i need an umbrella now,weather
"hey assistant, who is please",search_web
can you how is the weather,weather
just tell me about,search_web
can you tell me the forecast quickly,weather
i need you to set a timer please,set_alarm
"hey assistant, remind me friend",set_alarm
can you time check on spotify,time
i need you to play some music,play_music
would you mind if you add an alarm,set_alarm
would you mind if you yo today,greeting
would you mind if you set a timer in new york,set_alarm
"ok, what time is it",time
please new alarm in new york,set_alarm
would you mind if you play some music right now,play_music
would you mind if you show me right now,open_app
"hey, crack a joke assistant",joke
tell me the time about dogs,time
"hey assistant, what time is it",time
can you music please assistant,play_music
can you play some tunes on youtube,play_music
can you google in new york,search_web
"hey assistant, bye for 10 minutes",farewell
just look up,search_web
i need you to i want to listen to music,play_music
would you mind if you put on a playlist,play_music
i need you to resume playback,play_music
can you bye about dogs,farewell
please good morning,greeting
"hey assistant, search for friend",search_web
please what's up,greeting
just boot up about space,open_app
please play some music please,play_music
just start playing music about dogs,play_music
"hey, can you google in new york",search_web
"hey assistant, start",open_app
can you resume playback,play_music
can you what's the weather like in london,weather
please is it raining outside,weather
i need you to shuffle my songs tomorrow,play_music
can you say a joke,joke
would you mind if you wake me up,set_alarm
please do i need an umbrella about dogs,weather
could you start playing music,play_music
"hey assistant, show me",open_app
i need you to set a timer,set_alarm
could you gotta go,farewell
"hey assistant, i'm leaving",farewell
"hey, goodbye now",farewell
i need you to what time is it,time
i need you to catch you later buddy,farewell
hiya,greeting
can you do you know the time in london,time
i need you to i want to listen to music about dogs,play_music
"ok, how is the weather quickly",weather
"ok, i want to listen to music tomorrow",play_music
can you farewell on spotify,farewell
could you put on a playlist,play_music
"hey assistant, see ya on spotify",farewell
would you mind if you set a timer on spotify,set_alarm
i need you to make me laugh on youtube,joke
can you howdy,greeting
could you play some music for me,play_music
just do i need an umbrella,weather
"ok, is it sunny buddy",weather
just create a timer on spotify,set_alarm
would you mind if you hiya,greeting
can you can you google about dogs,search_web
"hey assistant, do i need an umbrella in london",weather
could you could you tell me the time,time
would you mind if you what is,search_web
"hey, put on a playlist",play_music
"hey assistant, what's the weather like",weather
i need you to hello,greeting
just say a joke at 7 am,joke
i need you to resume playback,play_music
"ok, tell me about about space",search_web
just google,search_web
play some tunes for me,play_music
"hey assistant, bye",farewell
"hey assistant, could you tell me the time on youtube",time
i need you to tell me the forecast,weather
"hey, open the app friend",open_app
would you mind if you what is the time,time
could you what's the clock say,time
would you mind if you peace out,farewell
i need you to gotta go buddy,farewell
could you tell me the time friend,time
"hey, start playing music right now",play_music
could you put on a playlist,play_music
please create a timer,set_alarm
"hey, search the web for",search_web
"hey assistant, shuffle my songs on youtube",play_music
just timer for assistant,set_alarm
can you google,search_web
would you mind if you i want to listen to music right now,play_music
could you is it raining outside in new york,weather
please hey buddy,greeting
would you mind if you start,open_app
"hey assistant, who is in new york",search_web
i need you to good evening,greeting
can you wake me up,set_alarm
just can you open,open_app
"ok, bye",farewell
just do you know the time assistant,time
"hey assistant, what's up on spotify",greeting
just create a timer for me,set_alarm
would you mind if you who is,search_web
please i want to listen to music on spotify,play_music
please start playing music about dogs,play_music
could you how is the weather right now,weather
i need you to tell me the forecast assistant,weather
can you i'm leaving,farewell
what's the clock say,time
"hey assistant, tell me the time",time
i need you to resume playback at 7 am,play_music
would you mind if you set a timer,set_alarm
please timer for,set_alarm
could you good afternoon,greeting
can you make me laugh friend,joke
"hey, hi please",greeting
please google,search_web
could you what's the weather like buddy,weather
"hey assistant, play a song please",play_music
"ok, time check now",time
i need you to make me laugh now,joke
greetings,greeting
just what time is it about space,time
can you see you later in new york,farewell
please create a timer on spotify,set_alarm
could you open the app,open_app
"hey, i'm leaving right now",farewell
can you tell me about,search_web
please search for,search_web
just top of the morning please,greeting
"hey, open the app",open_app
"ok, have a good one",farewell
please play a song please,play_music
just can you google,search_web
"ok, timer for",set_alarm
do you know any jokes tomorrow,joke
shuffle my songs,play_music
please find information about,search_web
could you play some tunes,play_music
"ok, tell me something funny",joke
could you talk to you soon,farewell
just how is the weather,weather
"hey assistant, set an alarm for me",set_alarm
i need you to have a good one,farewell
"hey, do i need an umbrella in london",weather
i need you to farewell,farewell
just what's up quickly,greeting
just open up,open_app
can you play a song,play_music
could you show me in london,open_app
would you mind if you see ya about dogs,farewell
"ok, crack a joke",joke
can you search for in new york,search_web
can you is it sunny,weather
"hey, shuffle my songs for me",play_music
would you mind if you start playing music in new york,play_music
"hey assistant, search for",search_web
"ok, what is the temperature",weather
would you mind if you say a joke,joke
"hey, what's the clock say",time
please top of the morning assistant,greeting
"ok, google tomorrow",search_web
i need you to could you tell me the time assistant,time
please see you later,farewell
"ok, say a joke",joke
"hey, say a joke",joke
please i'm leaving,farewell
"ok, i want to listen to music at 7 am",play_music
"hey, hello now",greeting
just timer for,set_alarm
please yo,greeting
please play a song at 7 am,play_music
could you set a timer on spotify,set_alarm
"hey, go to about dogs",open_app
would you mind if you search for for 10 minutes,search_web
would you mind if you hello,greeting
"hey assistant, launch friend",open_app
search for today,search_web
"hey assistant, search the web for",search_web
can you tell me something funny at 7 am,joke
would you mind if you tell me the forecast,weather
would you mind if you i'm leaving in london,farewell
"ok, yo",greeting
i need you to add an alarm,set_alarm
just what is the time in london,time
could you talk to you soon,farewell
can you set a timer,set_alarm
would you mind if you crack a joke,joke
"hey assistant, how is the weather assistant",weather
could you gotta go,farewell
"hey, tell me the forecast right now",weather
"ok, tell me the time now",time
can you what's up,greeting
"hey assistant, what time is it right now",time
i need you to shuffle my songs,play_music
"ok, look up in new york",search_web
would you mind if you peace out at 7 am,farewell
"hey assistant, open the app",open_app
please crack a joke tomorrow,joke
"ok, go to",open_app
would you mind if you show me at 7 am,open_app
i need you to timer for,set_alarm
i need you to music please,play_music
create a timer on spotify,set_alarm
"hey assistant, what's the clock say",time
can you create a timer,set_alarm
"hey, good evening right now",greeting
could you can you google right now,search_web
would you mind if you find information about,search_web
could you i want to listen to music,play_music
just gotta go,farewell
"hey, how are you",greeting
please tell me something funny for 10 minutes,joke
play some music,play_music
"hey assistant, find information about",search_web
"hey, can you open",open_app
"hey assistant, tell me the time",time
just what's the weather like friend,weather
is it sunny tomorrow,weather
"hey assistant, see ya at 7 am",farewell
just remind me on spotify,set_alarm
"ok, tell me something funny",joke
could you shuffle my songs tomorrow,play_music
"hey assistant, wake me up",set_alarm
"ok, search the web for",search_web
"ok, make me laugh",joke
please can you google about dogs,search_web
please gotta go,farewell
"hey, boot up",open_app
please how is the weather quickly,weather
"hey assistant, add an alarm",set_alarm
"ok, make me laugh at 7 am",joke
can you yo tomorrow,greeting
"hey assistant, start in london",open_app
could you who is at 7 am,search_web
could you do you know any jokes,joke
would you mind if you wake me up about dogs,set_alarm
would you mind if you what is the temperature please,weather
could you bye about space,farewell
bye bye on spotify,farewell
please what time is it about dogs,time
could you tell me the time,time
"hey, wake me up",set_alarm
i need you to shuffle my songs,play_music
i need you to put on a playlist for me,play_music
i need you to hi there,greeting
please can you open on youtube,open_app
could you howdy,greeting
could you what's the clock say,time
"hey assistant, tell me a joke",joke
would you mind if you hi,greeting
"hey assistant, say a joke",joke
i want to listen to music,play_music
"hey assistant, resume playback",play_music
would you mind if you set an alarm,set_alarm
"hey, hiya",greeting
just is it raining outside,weather
could you search for,search_web
please good evening,greeting
would you mind if you what's up,greeting
please make me laugh friend,joke
would you mind if you time check friend,time
"ok, who is",search_web
can you who is,search_web
would you mind if you tell me about on spotify,search_web
just remind me in london,set_alarm
could you look up for 10 minutes,search_web
"ok, launch friend",open_app
"hey, is it sunny for me",weather
would you mind if you i want to listen to music for me,play_music
i'm leaving tomorrow,farewell
please do i need an umbrella please,weather
would you mind if you start quickly,open_app
"hey assistant, create a timer about space",set_alarm
"hey, is it raining outside",weather
please what time is it,time
"hey, peace out",farewell
"hey, tell me about",search_web
would you mind if you new alarm today,set_alarm
can you i want to listen to music today,play_music
could you start,open_app
"hey, open up",open_app
"hey assistant, yo buddy",greeting
please go to,open_app
please put on a playlist for 10 minutes,play_music
could you talk to you soon,farewell
hi,greeting
would you mind if you do you know the time,time
"ok, make me laugh",joke
just tell me a joke about dogs,joke
would you mind if you do you know any jokes,joke
just is it raining outside buddy,weather
hello please,greeting
could you can you open,open_app
would you mind if you show me in london,open_app
just open up,open_app
just find information about about dogs,search_web
"hey assistant, good morning",greeting
please can you open,open_app
"ok, play some tunes for 10 minutes",play_music
can you do you know any jokes,joke
"ok, can you open",open_app
please timer for,set_alarm
"ok, see ya",farewell
"hey, who is on youtube",search_web
"ok, add an alarm now",set_alarm
please hiya about dogs,greeting
could you create a timer at 7 am,set_alarm
"hey assistant, resume playback today",play_music
could you greetings,greeting
can you could you tell me the time on spotify,time
"hey, timer for buddy",set_alarm
please find information about,search_web
"hey assistant, open the app",open_app
"hey assistant, what's the clock say",time
time check friend,time
could you find information about for me,search_web
"hey, bye on youtube",farewell
please what is the time assistant,time
can you set an alarm in london,set_alarm
just start,open_app
"hey, who is buddy",search_web
would you mind if you howdy buddy,greeting
i need you to music please,play_music
would you mind if you hello in london,greeting
i need you to play some tunes at 7 am,play_music
please resume playback,play_music
"hey, hi buddy",greeting
just tell me something funny,joke
just set an alarm,set_alarm
i need you to could you tell me the time,time
i need you to find information about,search_web
could you current time please,time
please time check in london,time
would you mind if you start in new york,open_app
please find information about friend,search_web
i need you to put on a playlist,play_music
"ok, bye",farewell
can you play some tunes at 7 am,play_music
could you tell me something funny quickly,joke
"hey, show me in new york",open_app
put on a playlist on youtube,play_music
i need you to see ya on spotify,farewell
please launch in new york,open_app
just top of the morning friend,greeting
can you is it sunny quickly,weather
i need you to hi there buddy,greeting
i need you to music please for me,play_music
would you mind if you what is the temperature friend,weather
say a joke,joke
do you know the time,time
just what's the weather like assistant,weather
could you hello,greeting
could you i'm leaving,farewell
i need you to is it raining outside buddy,weather
talk to you soon assistant,farewell
would you mind if you see you later,farewell
just what's the weather like for 10 minutes,weather
find information about assistant,search_web
please set an alarm,set_alarm
"ok, what is",search_web
hello today,greeting
"ok, who is buddy",search_web
"hey assistant, what is the time in new york",time
just is it sunny about space,weather
can you i'm leaving,farewell
i need you to search the web for tomorrow,search_web
just search for,search_web
could you time check assistant,time
"hey assistant, top of the morning",greeting
just how is the weather,weather
please i need a laugh,joke
please see you later,farewell
open the app,open_app
"hey assistant, is it raining outside quickly",weather
"ok, is it raining outside",weather
could you who is,search_web
can you hey,greeting
would you mind if you farewell in london,farewell
could you current time please about space,time
can you hi there,greeting
can you tell me a joke about dogs,joke
could you tell me something funny now,joke
can you could you tell me the time,time
"hey assistant, tell me something funny for 10 minutes",joke
google,search_web
"hey, greetings",greeting
please tell me about now,search_web
"ok, play some music today",play_music
can you do you know any jokes,joke
would you mind if you set an alarm,set_alarm
just set an alarm,set_alarm
just create a timer,set_alarm
what is,search_web
"hey assistant, can you google",search_web
search for friend,search_web
would you mind if you hi,greeting
"ok, play some music friend",play_music
new alarm,set_alarm
could you time check,time
could you google now,search_web
just peace out for me,farewell
can you good afternoon,greeting
please tell me the time,time
i need you to can you open today,open_app
good afternoon,greeting
"ok, how are you",greeting
would you mind if you search the web for today,search_web
i need you to search for,search_web
"hey, timer for",set_alarm
i need you to crack a joke today,joke
what is the time,time
"hey assistant, good evening today",greeting
just tell me the forecast,weather
can you hi there in new york,greeting
would you mind if you add an alarm at 7 am,set_alarm
i need you to what is on spotify,search_web
"hey, what is the time",time
would you mind if you hi there,greeting
would you mind if you tell me the time,time
would you mind if you wake me up about dogs,set_alarm
could you hey quickly,greeting
"ok, good evening in london",greeting
could you can you google,search_web
please could you tell me the time please,time
just create a timer,set_alarm
please tell me something funny,joke
could you tell me something funny assistant,joke
"ok, is it raining outside now",weather
what is the time friend,time
i need you to tell me something funny,joke
i need you to do you know any jokes,joke
could you put on a playlist friend,play_music
"ok, make me laugh at 7 am",joke
please create a timer quickly,set_alarm
would you mind if you tell me something funny,joke
please time check,time
please is it sunny now,weather
start for 10 minutes,open_app
please can you open,open_app
"hey assistant, hi there for me",greeting
i need you to i'm leaving in new york,farewell
i need you to create a timer,set_alarm
could you what's the clock say buddy,time
timer for,set_alarm
"ok, shuffle my songs tomorrow",play_music
"hey assistant, start playing music for me",play_music
can you goodbye,farewell
"hey assistant, put on a playlist on spotify",play_music
could you search the web for today,search_web
"hey assistant, crack a joke",joke
please play some tunes on youtube,play_music
"hey, see you later",farewell
would you mind if you go to assistant,open_app
"hey assistant, play some tunes",play_music
could you tell me something funny,joke
please do i need an umbrella right now,weather
"hey, tell me about on youtube",search_web
is it sunny,weather
"hey assistant, wake me up",set_alarm
please see ya about space,farewell
current time please,time
could you can you google,search_web
what's the weather like today,weather
i need you to what is the time friend,time
i need you to can you google in london,search_web
how is the weather today,weather
play some tunes,play_music
launch,open_app
would you mind if you can you open tomorrow,open_app
just tell me the time please,time
open up,open_app
can you music please,play_music
can you hi there on spotify,greeting
please hey,greeting
"hey assistant, hello assistant",greeting
just find information about quickly,search_web
could you can you open,open_app
just what time is it,time
"hey, talk to you soon for me",farewell
would you mind if you set an alarm at 7 am,set_alarm
"hey assistant, can you google",search_web
can you hi,greeting
could you put on a playlist,play_music
would you mind if you hi,greeting
please find information about quickly,search_web
"ok, launch assistant",open_app
"ok, i need a laugh in new york",joke
would you mind if you tell me about buddy,search_web
could you can you google now,search_web
would you mind if you new alarm,set_alarm
please can you google,search_web
would you mind if you open the app,open_app
"ok, bye in new york",farewell
"ok, tell me a joke",joke
"hey, start playing music",play_music
i need you to do i need an umbrella for me,weather
just do you know any jokes at 7 am,joke
"hey, open the app",open_app
would you mind if you remind me at 7 am,set_alarm
"ok, what's up assistant",greeting
can you bye for me,farewell
could you start,open_app
just play a song,play_music
"ok, what is the time please",time
"hey, do you know any jokes on spotify",joke
please open up,open_app
would you mind if you start playing music on spotify,play_music
would you mind if you top of the morning for 10 minutes,greeting
would you mind if you new alarm about space,set_alarm
"ok, resume playback for me",play_music
could you wake me up,set_alarm
i need you to remind me,set_alarm
would you mind if you hi there assistant,greeting
"hey, time check assistant",time
"ok, play some tunes buddy",play_music
"hey assistant, show me please",open_app
please what time is it on spotify,time
would you mind if you play some music,play_music
can you do you know any jokes,joke
"hey assistant, see you later",farewell
"ok, timer for",set_alarm
can you do you know any jokes buddy,joke
please who is,search_web
can you play some tunes,play_music
start,open_app
could you do you know any jokes,joke
"hey assistant, is it raining outside today",weather
"hey, see ya",farewell
would you mind if you google,search_web
"ok, what's the clock say buddy",time
just how is the weather,weather
"hey, peace out",farewell
farewell buddy,farewell
just what's the weather like in london,weather
just play a song friend,play_music
boot up now,open_app
please what's the weather like,weather
crack a joke today,joke
please greetings about space,greeting
would you mind if you show me about dogs,open_app
i need you to is it sunny,weather
"hey assistant, who is",search_web
"hey, shuffle my songs buddy",play_music
can you resume playback in new york,play_music
can you do i need an umbrella,weather
i need you to hey on spotify,greeting
please set a timer quickly,set_alarm
please current time please,time
"ok, catch you later today",farewell
"ok, resume playback",play_music
what's up,greeting
i need you to play some music,play_music
i need you to open the app,open_app
can you i'm leaving in london,farewell
would you mind if you resume playback,play_music
"hey assistant, farewell friend",farewell
would you mind if you i want to listen to music about dogs,play_music
could you what's the weather like please,weather
would you mind if you open up on youtube,open_app
could you what time is it,time
would you mind if you set a timer,set_alarm
"ok, see you later quickly",farewell
just resume playback today,play_music
can you shuffle my songs,play_music
"hey, wake me up",set_alarm
"hey assistant, go to",open_app
please create a timer now,set_alarm
can you good evening assistant,greeting
just i want to listen to music,play_music
"ok, do you know any jokes",joke
can you hiya about space,greeting
tell me about,search_web
would you mind if you play some tunes friend,play_music
could you show me on spotify,open_app
could you yo now,greeting
"hey assistant, hiya about dogs",greeting
would you mind if you search for,search_web
please open the app,open_app
"hey assistant, catch you later",farewell
can you find information about,search_web
would you mind if you shuffle my songs,play_music
"ok, time check",time
could you current time please at 7 am,time
"ok, can you google on youtube",search_web
i need you to how are you right now,greeting
"ok, i'm leaving tomorrow",farewell
i need you to new alarm today,set_alarm
just boot up in london,open_app
please greetings,greeting
"hey assistant, what is the temperature",weather
"hey, good afternoon on spotify",greeting
i need you to peace out,farewell
please catch you later for 10 minutes,farewell
could you is it raining outside,weather
just wake me up,set_alarm
can you boot up today,open_app
"hey, what's the clock say",time
i need you to resume playback quickly,play_music
would you mind if you resume playback right now,play_music
can you can you open friend,open_app
could you good afternoon,greeting
please good evening,greeting
"ok, do you know the time today",time
could you go to,open_app
would you mind if you see you later,farewell
would you mind if you hi there,greeting
can you bye bye right now,farewell
would you mind if you can you open now,open_app
"ok, do you know any jokes",joke
i need you to open the app assistant,open_app
i need you to what's the weather like,weather
please show me on youtube,open_app
"ok, what is",search_web
"hey, i want to listen to music today",play_music
"hey assistant, hiya please",greeting
could you is it sunny,weather
could you good morning,greeting
would you mind if you make me laugh,joke
"ok, can you open",open_app
"ok, is it sunny today",weather
just see ya for me,farewell
just good morning,greeting
just open up for 10 minutes,open_app
just tell me the time,time
can you peace out,farewell
would you mind if you tell me the time,time
please hiya for 10 minutes,greeting
please boot up,open_app
could you music please friend,play_music
"ok, what's the clock say in new york",time
please set an alarm,set_alarm
could you search for in new york,search_web
please top of the morning,greeting
please do i need an umbrella tomorrow,weather
"hey assistant, is it raining outside for me",weather
i need you to tell me about,search_web
"ok, bye bye",farewell
"ok, what's the weather like",weather
can you google,search_web
i need you to see you later,farewell
just put on a playlist right now,play_music
"hey, create a timer friend",set_alarm
could you crack a joke today,joke
"hey assistant, wake me up about dogs",set_alarm
"hey assistant, who is friend",search_web
i need you to launch about dogs,open_app
could you open up assistant,open_app
can you what's the clock say on spotify,time
could you play some music quickly,play_music
please put on a playlist in new york,play_music
would you mind if you timer for for 10 minutes,set_alarm
please launch quickly,open_app
"ok, open up",open_app
"hey, yo on youtube",greeting
would you mind if you add an alarm for me,set_alarm
"ok, tell me the forecast buddy",weather
can you open the app in london,open_app
would you mind if you see you later,farewell
just launch friend,open_app
just open the app,open_app
could you what's up,greeting
please what time is it buddy,time
can you crack a joke assistant,joke
"hey, hiya at 7 am",greeting
please who is,search_web
would you mind if you good morning,greeting
please resume playback at 7 am,play_music
would you mind if you add an alarm,set_alarm
bye bye,farewell
"hey assistant, timer for buddy",set_alarm
would you mind if you show me,open_app
would you mind if you play some tunes,play_music
i need you to what's the weather like,weather
"ok, greetings",greeting
please show me please,open_app
just add an alarm,set_alarm
please could you tell me the time for me,time
i need you to what's the clock say,time
just music please please,play_music
"hey assistant, set an alarm",set_alarm
i need you to talk to you soon,farewell
timer for,set_alarm
bye bye please,farewell
just google on spotify,search_web
would you mind if you play some tunes friend,play_music
"hey assistant, music please",play_music
"hey, can you open please",open_app
"hey assistant, crack a joke",joke
just bye bye,farewell
can you show me for me,open_app
catch you later,farewell
could you what is the time,time
can you goodbye please,farewell
"ok, is it sunny now",weather
"hey, i want to listen to music",play_music
"hey, could you tell me the time",time
please yo for me,greeting
just tell me the forecast for 10 minutes,weather
i need you to who is,search_web
just start on spotify,open_app
"hey assistant, catch you later",farewell
"hey, tell me the forecast about space",weather
just make me laugh,joke
start playing music right now,play_music
please what is the temperature,weather
"hey, how is the weather about dogs",weather
i need you to hey friend,greeting
make me laugh,joke
just remind me,set_alarm
please wake me up,set_alarm
would you mind if you goodbye please,farewell
would you mind if you timer for,set_alarm
can you what is quickly,search_web
could you crack a joke friend,joke
just hey about dogs,greeting
"hey assistant, timer for",set_alarm
could you crack a joke,joke
i need you to good morning,greeting
just what is,search_web
"hey, what is the time",time
"ok, what's the clock say",time
please look up in london,search_web
"hey assistant, show me tomorrow",open_app
please shuffle my songs,play_music
would you mind if you could you tell me the time in london,time
could you crack a joke on spotify,joke
"hey, what's the clock say please",time
"ok, see ya tomorrow",farewell
i need you to i'm leaving,farewell
please is it sunny on youtube,weather
would you mind if you i'm leaving,farewell
show me please,open_app
"hey, open the app right now",open_app
"hey, what's the weather like",weather
open up,open_app
just tell me about please,search_web
"hey assistant, how is the weather on youtube",weather
please can you open quickly,open_app
"hey assistant, current time please on youtube",time
"ok, what is the time",time
"ok, wake me up on spotify",set_alarm
could you can you google,search_web
crack a joke buddy,joke
could you what is the time,time
just launch at 7 am,open_app
"hey, what's the clock say in new york",time
could you who is buddy,search_web
please search for on youtube,search_web
just music please assistant,play_music
"hey, launch buddy",open_app
could you bye bye,farewell
could you play a song friend,play_music
i need you to what time is it,time
"hey, how is the weather",weather
"ok, see ya",farewell
can you remind me assistant,set_alarm
can you set a timer,set_alarm
please hello,greeting
please what's the weather like assistant,weather
i need you to make me laugh,joke
"hey, remind me",set_alarm
i need you to can you google,search_web
just farewell for 10 minutes,farewell
please tell me the time,time
just set an alarm,set_alarm
just tell me something funny,joke
"hey assistant, start playing music",play_music
just hi quickly,greeting
current time please on youtube,time
could you tell me something funny in london,joke
please show me,open_app
please farewell,farewell
i need you to do you know any jokes,joke
i need you to find information about for me,search_web
say a joke,joke
i need you to how is the weather,weather
"hey assistant, howdy about space",greeting
can you play a song,play_music
please do i need an umbrella please,weather
what's the weather like tomorrow,weather
please boot up for 10 minutes,open_app
just do you know the time,time
can you remind me,set_alarm
"ok, howdy",greeting
could you start on youtube,open_app
goodbye right now,farewell
launch,open_app
open the app,open_app
"hey assistant, open the app",open_app
can you hi,greeting
just set a timer tomorrow,set_alarm
"hey assistant, start",open_app
i need you to how are you quickly,greeting
"ok, do you know any jokes friend",joke
i need you to tell me the time,time
could you what is the time right now,time
"hey assistant, do i need an umbrella now",weather
can you look up now,search_web
"hey, find information about now",search_web
current time please now,time
would you mind if you boot up,open_app
please do you know any jokes buddy,joke
can you have a good one,farewell
"hey assistant, new alarm today",set_alarm
"hey assistant, do you know the time assistant",time
could you what time is it quickly,time
could you i'm leaving,farewell
can you create a timer at 7 am,set_alarm
can you tell me a joke assistant,joke
could you boot up,open_app
"ok, top of the morning about space",greeting
could you how is the weather,weather
"hey, catch you later",farewell
could you good morning,greeting
"hey assistant, time check for me",time
please tell me the forecast in london,weather
please play some music,play_music
"hey assistant, open up",open_app
just i want to listen to music right now,play_music
please good morning right now,greeting
can you go to,open_app
could you can you open please,open_app
do you know any jokes,joke
"hey assistant, hiya right now",greeting
"ok, look up on spotify",search_web
could you see ya about dogs,farewell
can you find information about,search_web
"hey assistant, what's up",greeting
"hey, google",search_web
can you have a good one,farewell
play some music,play_music
i need you to shuffle my songs right now,play_music
i need you to resume playback,play_music
would you mind if you google,search_web
i need you to play some tunes,play_music
could you what's up,greeting
"hey assistant, open the app about space",open_app
could you play a song,play_music
see ya,farewell
please crack a joke for me,joke
just create a timer in london,set_alarm
please good evening on youtube,greeting
farewell,farewell
would you mind if you timer for,set_alarm
just boot up,open_app
please tell me a joke tomorrow,joke
i need you to can you open,open_app
"ok, have a good one",farewell
please tell me a joke,joke
"hey assistant, who is",search_web
"hey, make me laugh",joke
"ok, tell me the forecast",weather
i need you to create a timer,set_alarm
please do you know any jokes,joke
would you mind if you say a joke in london,joke
can you hi there,greeting
would you mind if you search the web for in new york,search_web
would you mind if you google please,search_web
"hey, play some music about dogs",play_music
"hey, tell me a joke",joke
"hey, open up",open_app
"hey, google",search_web
please hi in new york,greeting
would you mind if you good afternoon,greeting
launch now,open_app
would you mind if you play a song on spotify,play_music
please go to,open_app
just tell me the time right now,time
can you what is for 10 minutes,search_web
"ok, farewell assistant",farewell
please what is the temperature,weather
goodbye,farewell
just timer for for 10 minutes,set_alarm
could you look up,search_web
just find information about quickly,search_web
could you tell me the time quickly,time
"ok, crack a joke assistant",joke
"hey, play a song now",play_music
can you do you know any jokes on youtube,joke
"ok, say a joke buddy",joke
google in new york,search_web
i need you to what is the temperature,weather
"ok, do you know any jokes about space",joke
can you what's up,greeting
just put on a playlist tomorrow,play_music
put on a playlist,play_music
would you mind if you play some music,play_music
please hey tomorrow,greeting
i need you to yo,greeting
"hey, what's up",greeting
could you start right now,open_app
could you remind me,set_alarm
"hey assistant, how is the weather",weather
"ok, find information about",search_web
i need you to google,search_web
would you mind if you remind me on youtube,set_alarm
would you mind if you say a joke friend,joke
look up on spotify,search_web
could you tell me the forecast,weather
i need you to hiya about space,greeting
just look up,search_web
can you open the app,open_app
how is the weather,weather
i need you to could you tell me the time please,time
can you good evening,greeting
i need you to farewell about dogs,farewell
would you mind if you create a timer now,set_alarm
could you look up about dogs,search_web
i need you to have a good one,farewell
i need you to set an alarm in london,set_alarm
could you time check now,time
just start playing music tomorrow,play_music
would you mind if you who is,search_web
time check,time
please remind me at 7 am,set_alarm
can you tell me the forecast,weather
"hey assistant, play some tunes for me",play_music
add an alarm at 7 am,set_alarm
could you can you google please,search_web
"hey, what is the temperature",weather
"ok, i'm leaving",farewell
can you what's the clock say,time
"hey, yo about space",greeting
could you what's the weather like,weather
i need you to top of the morning,greeting
"ok, boot up",open_app
please good afternoon assistant,greeting
can you i want to listen to music for 10 minutes,play_music
"ok, start playing music",play_music
can you what's the clock say,time
just good afternoon friend,greeting
"ok, tell me a joke",joke
please tell me the time,time
just can you google,search_web
"ok, new alarm",set_alarm
can you i'm leaving,farewell
"ok, yo about space",greeting
could you good afternoon on youtube,greeting
i need you to howdy in new york,greeting
could you play a song on spotify,play_music
i need you to crack a joke on spotify,joke
"hey, tell me something funny",joke
"ok, can you open",open_app
could you how are you,greeting
"ok, wake me up",set_alarm
can you tell me about buddy,search_web
"hey assistant, can you google buddy",search_web
would you mind if you see you later in new york,farewell
just shuffle my songs today,play_music
could you who is,search_web
can you play some tunes,play_music
"ok, launch",open_app
please open up,open_app
"hey assistant, do you know the time about dogs",time
just yo,greeting
"hey assistant, hi there tomorrow",greeting
can you time check quickly,time
just play some music in new york,play_music
"hey assistant, what is the temperature tomorrow",weather
just what's the clock say,time
what's the weather like now,weather
"ok, set an alarm right now",set_alarm
can you howdy,greeting
"hey assistant, is it raining outside now",weather
just set an alarm tomorrow,set_alarm
i need you to good afternoon friend,greeting
"hey, add an alarm assistant",set_alarm
can you catch you later,farewell
i need you to go to,open_app
could you tell me the time in london,time
i need you to show me for me,open_app
could you tell me a joke on youtube,joke
please say a joke,joke
would you mind if you what time is it in new york,time
just say a joke in new york,joke
could you wake me up,set_alarm
please what time is it,time
"ok, play some tunes",play_music
can you timer for at 7 am,set_alarm
just timer for buddy,set_alarm
"hey, good evening please",greeting
just start playing music at 7 am,play_music
i need you to play a song,play_music
i need you to howdy,greeting
could you set a timer friend,set_alarm
could you what's up quickly,greeting
"hey assistant, who is",search_web
can you what's the clock say on youtube,time
"hey assistant, timer for",set_alarm
just launch on spotify,open_app
"hey, make me laugh",joke
please howdy,greeting
would you mind if you i want to listen to music on youtube,play_music
can you crack a joke now,joke
"ok, boot up",open_app
"ok, is it raining outside for 10 minutes",weather
i need you to time check for me,time
just what is the temperature,weather
"ok, time check",time
just play a song,play_music
would you mind if you new alarm please,set_alarm
just do you know the time,time
can you what is now,search_web
"hey, start",open_app
i need you to hey in london,greeting
please music please buddy,play_music
"hey assistant, play a song today",play_music
please yo,greeting
can you how is the weather for 10 minutes,weather
"hey, show me for 10 minutes",open_app
"hey assistant, show me",open_app
can you what time is it,time
good evening right now,greeting
would you mind if you start playing music assistant,play_music
can you open the app about dogs,open_app
"hey, what is friend",search_web
"hey assistant, is it sunny",weather
"hey, set a timer",set_alarm
"hey assistant, do you know the time",time
would you mind if you what is about dogs,search_web
"ok, search the web for",search_web
could you set an alarm right now,set_alarm
could you do you know any jokes,joke
"hey assistant, resume playback",play_music
i need you to good morning,greeting
i need you to tell me the forecast quickly,weather
just can you google assistant,search_web
"hey assistant, hiya",greeting
"ok, make me laugh in london",joke
what is friend,search_web
please could you tell me the time,time
"ok, hey",greeting
would you mind if you farewell in london,farewell
would you mind if you show me today,open_app
"hey, say a joke for 10 minutes",joke
i need you to how is the weather today,weather
"hey, is it sunny",weather
"hey, shuffle my songs",play_music
just goodbye,farewell
please find information about on spotify,search_web
"hey, hi there",greeting
would you mind if you what is the temperature for me,weather
just can you open at 7 am,open_app
"hey, remind me about space",set_alarm
would you mind if you look up for me,search_web
what time is it tomorrow,time
hiya,greeting
just i want to listen to music for 10 minutes,play_music
could you how are you,greeting
"ok, timer for tomorrow",set_alarm
"hey, play some music about dogs",play_music
gotta go now,farewell
"hey assistant, yo on youtube",greeting
would you mind if you i need a laugh in new york,joke
would you mind if you do you know the time in london,time
"ok, boot up for me",open_app
please resume playback on youtube,play_music
can you have a good one for me,farewell
could you wake me up in new york,set_alarm
please is it sunny,weather
"ok, show me about space",open_app
please what is,search_web
"ok, what's the clock say about space",time
please set an alarm now,set_alarm
"hey, music please",play_music
would you mind if you what's up,greeting
i need you to what time is it,time
"hey assistant, what's up at 7 am",greeting
"hey assistant, show me",open_app
can you have a good one assistant,farewell
"ok, start playing music",play_music
please i need a laugh please,joke
"ok, is it raining outside at 7 am",weather
"ok, create a timer",set_alarm
would you mind if you who is,search_web
just what's up please,greeting
just find information about in london,search_web
"hey assistant, who is for 10 minutes",search_web
i need you to see you later,farewell
i need you to how is the weather friend,weather
i need you to bye bye,farewell
i need you to tell me about in new york,search_web
tell me the forecast today,weather
i need you to add an alarm,set_alarm
i need you to hello,greeting
tell me the time,time
"hey assistant, farewell",farewell
tell me something funny right now,joke
please goodbye on youtube,farewell
would you mind if you is it sunny friend,weather
could you open up,open_app
"hey, could you tell me the time at 7 am",time
would you mind if you what is on spotify,search_web
just remind me please,set_alarm
could you look up at 7 am,search_web
"hey assistant, i'm leaving assistant",farewell
search for friend,search_web
can you is it sunny,weather
just what's the clock say about space,time
play some tunes,play_music
just what is the temperature in london,weather
would you mind if you i'm leaving,farewell
just tell me the time,time
"hey, wake me up",set_alarm
would you mind if you launch,open_app
just new alarm for me,set_alarm
"ok, how is the weather",weather
just could you tell me the time,time
i need you to top of the morning,greeting
just do you know the time assistant,time
please is it sunny,weather
just time check tomorrow,time
"ok, set a timer for 10 minutes",set_alarm
could you music please,play_music
"hey assistant, music please",play_music
new alarm,set_alarm
can you current time please tomorrow,time
do you know any jokes please,joke
"ok, tell me something funny",joke
shuffle my songs on spotify,play_music
tell me a joke,joke
hi there quickly,greeting
"hey, show me",open_app
would you mind if you put on a playlist,play_music
just what is the temperature quickly,weather
please boot up in london,open_app
please open up friend,open_app
would you mind if you music please,play_music
please can you open for me,open_app
could you what's the clock say today,time
could you set an alarm,set_alarm
just start playing music about space,play_music
"ok, do i need an umbrella",weather
"hey, tell me the time",time
"hey assistant, set an alarm",set_alarm
"hey, open the app",open_app
"hey, start",open_app
would you mind if you timer for,set_alarm
boot up on spotify,open_app
just bye bye,farewell
please music please,play_music
"hey, set a timer",set_alarm
"ok, crack a joke in london",joke
"hey, i need a laugh on youtube",joke
can you timer for,set_alarm
"hey assistant, do you know any jokes",joke
i need you to launch,open_app
"ok, create a timer",set_alarm
would you mind if you what is,search_web
can you find information about,search_web
just do you know any jokes,joke
can you add an alarm today,set_alarm
"hey, say a joke about space",joke
would you mind if you new alarm quickly,set_alarm
could you is it raining outside please,weather
"ok, hello on spotify",greeting
can you shuffle my songs,play_music
just open up,open_app
"hey, good afternoon",greeting
"hey assistant, do i need an umbrella in london",weather
would you mind if you start,open_app
"hey, current time please",time
i need you to hiya,greeting
please do i need an umbrella on youtube,weather
"hey, tell me about now",search_web
just start,open_app
i need you to bye bye right now,farewell
would you mind if you can you google on spotify,search_web
just can you google,search_web
would you mind if you google for 10 minutes,search_web
"hey, what's the weather like about dogs",weather
just tell me the forecast for 10 minutes,weather
boot up about space,open_app
"ok, say a joke now",joke
"hey assistant, hi",greeting
would you mind if you set an alarm at 7 am,set_alarm
can you what time is it,time
could you google for me,search_web
could you open up,open_app
"hey assistant, could you tell me the time",time
"hey, good afternoon",greeting
"ok, peace out",farewell
would you mind if you goodbye,farewell
just tell me the forecast about dogs,weather
"ok, what is the time quickly",time
just search for in london,search_web
"ok, what's up buddy",greeting
say a joke,joke
"hey, open up for me",open_app
"hey, can you open please",open_app
"ok, search for",search_web
is it sunny,weather
could you show me,open_app
"ok, tell me the time",time
would you mind if you tell me the forecast assistant,weather
"ok, can you google",search_web
could you say a joke,joke
can you what is the time,time
please have a good one,farewell
"hey, can you open",open_app
just do you know any jokes,joke
just go to,open_app
i need you to launch,open_app
i need you to tell me the forecast,weather
i need you to open the app,open_app
"hey, new alarm",set_alarm
"ok, how is the weather",weather
would you mind if you good afternoon,greeting
could you tell me the time,time
just could you tell me the time right now,time
tell me a joke on spotify,joke
could you timer for,set_alarm
"hey assistant, can you google about space",search_web
just what time is it,time
play a song today,play_music
would you mind if you set an alarm in london,set_alarm
i need you to what's the weather like,weather
can you i need a laugh,joke
"ok, goodbye at 7 am",farewell
please launch now,open_app
"ok, music please",play_music
"hey assistant, top of the morning",greeting
just play some music for me,play_music
i need you to search for please,search_web
"hey, go to friend",open_app
"ok, add an alarm right now",set_alarm
please hi at 7 am,greeting
please tell me the forecast,weather
could you find information about,search_web
would you mind if you wake me up,set_alarm
"ok, is it raining outside",weather
"hey assistant, i want to listen to music",play_music
please boot up please,open_app
yo,greeting
just tell me the forecast,weather
just say a joke for 10 minutes,joke
"ok, find information about",search_web
"hey, hi",greeting
"hey, search for about dogs",search_web
would you mind if you what's the weather like right now,weather
i need you to farewell quickly,farewell
catch you later,farewell
i need you to do you know any jokes assistant,joke
"ok, tell me a joke",joke
"ok, go to",open_app
could you boot up,open_app
could you what's the weather like friend,weather
could you launch,open_app
i need you to tell me something funny,joke
would you mind if you could you tell me the time in london,time
"ok, search the web for",search_web
"hey, hi about dogs",greeting
please have a good one today,farewell
can you timer for please,set_alarm
i need you to i want to listen to music today,play_music
would you mind if you put on a playlist,play_music
open up in new york,open_app
could you i'm leaving,farewell
just shuffle my songs for me,play_music
"ok, go to",open_app
would you mind if you catch you later in new york,farewell
i need you to tell me something funny,joke
just is it sunny about dogs,weather
i need you to tell me the forecast assistant,weather
would you mind if you i want to listen to music now,play_music
can you search the web for,search_web
put on a playlist for 10 minutes,play_music
"ok, catch you later",farewell
"ok, could you tell me the time",time
please see ya,farewell
can you start,open_app
"ok, play a song",play_music
"ok, greetings",greeting
could you could you tell me the time on spotify,time
i need you to good afternoon right now,greeting
"hey assistant, howdy right now",greeting
would you mind if you what time is it,time
i need you to see you later,farewell
could you play some music buddy,play_music
can you can you google friend,search_web
would you mind if you what's the clock say,time
could you is it raining outside for me,weather
i need you to what is,search_web
just open up tomorrow,open_app
just play some tunes about dogs,play_music
"hey, i want to listen to music",play_music
can you is it sunny,weather
would you mind if you tell me about,search_web
just boot up,open_app
"ok, hi",greeting
just show me,open_app
please what time is it,time
please peace out about space,farewell
"ok, search for",search_web
just good morning friend,greeting
can you is it raining outside tomorrow,weather
can you tell me a joke,joke
resume playback,play_music
just start,open_app
please bye bye on youtube,farewell
can you what's the weather like,weather
would you mind if you tell me the forecast tomorrow,weather
please timer for,set_alarm
"hey, i'm leaving now",farewell
boot up assistant,open_app
i need you to how is the weather,weather
play some tunes for 10 minutes,play_music
"hey assistant, do you know the time about space",time
"hey, i need a laugh",joke
just wake me up for me,set_alarm
please launch,open_app
can you start,open_app
can you play some music,play_music
what is,search_web
tell me a joke about space,joke
i need you to create a timer for 10 minutes,set_alarm
just set an alarm,set_alarm
i need you to tell me a joke assistant,joke
talk to you soon,farewell
please what is the temperature,weather
"hey assistant, look up now",search_web
tell me the forecast for me,weather
"ok, hello at 7 am",greeting
what's the clock say,time
would you mind if you what is the time,time
"hey, timer for quickly",set_alarm
could you crack a joke,joke
please time check on spotify,time
"hey, do you know the time buddy",time
"hey, do you know the time",time
"hey assistant, could you tell me the time",time
just start playing music in london,play_music
"hey assistant, tell me about",search_web
just see ya,farewell
"hey, shuffle my songs",play_music
tell me a joke,joke
i need you to what is the time,time
would you mind if you can you open on youtube,open_app
"hey assistant, set an alarm on spotify",set_alarm
just make me laugh,joke
would you mind if you hello please,greeting
please yo,greeting
can you tell me the time on youtube,time
"hey assistant, tell me a joke",joke
"ok, what's the weather like for 10 minutes",weather
can you play some music,play_music
play some tunes,play_music
"ok, is it raining outside",weather
could you start at 7 am,open_app
"hey, hi",greeting
could you go to at 7 am,open_app
can you is it raining outside,weather
just play some music buddy,play_music
can you bye,farewell
"hey, look up in london",search_web
"hey assistant, timer for",set_alarm
"hey, bye bye",farewell
"hey, tell me a joke now",joke
"ok, top of the morning",greeting
"ok, google",search_web
"ok, can you open today",open_app
please who is,search_web
please play a song now,play_music
just do you know the time at 7 am,time
look up,search_web
add an alarm,set_alarm
"ok, current time please about dogs",time
can you search the web for please,search_web
can you timer for,set_alarm
could you is it raining outside about space,weather
i need you to create a timer on spotify,set_alarm
just tell me something funny right now,joke
just farewell tomorrow,farewell
"ok, look up tomorrow",search_web
"hey assistant, goodbye",farewell
could you play a song,play_music
"ok, do you know any jokes for 10 minutes",joke
can you google buddy,search_web
would you mind if you look up in new york,search_web
bye bye at 7 am,farewell
"ok, remind me quickly",set_alarm
timer for,set_alarm
can you hi there at 7 am,greeting
have a good one,farewell
how is the weather,weather
please time check today,time
can you i need a laugh,joke
"ok, good morning",greeting
i need you to open up,open_app
"hey, hi there",greeting
could you remind me please,set_alarm
could you can you google today,search_web
"hey assistant, farewell",farewell
can you what is the time in new york,time
"hey assistant, tell me about for 10 minutes",search_web
just what is the time,time
is it sunny in london,weather
can you tell me the time,time
i need you to do you know any jokes,joke
"hey, say a joke tomorrow",joke
please create a timer,set_alarm
"ok, boot up",open_app
i need you to search the web for,search_web
please is it sunny,weather
"hey, go to now",open_app
"ok, open the app in london",open_app
please goodbye,farewell
"hey assistant, catch you later friend",farewell
gotta go quickly,farewell
would you mind if you hi on spotify,greeting
who is,search_web
make me laugh,joke
"hey assistant, remind me",set_alarm
please google,search_web
"hey, do i need an umbrella",weather
show me,open_app
could you open up on youtube,open_app
would you mind if you what's the weather like on spotify,weather
good evening buddy,greeting
can you search for tomorrow,search_web
"hey, do you know any jokes",joke
search the web for on youtube,search_web
"ok, what time is it on youtube",time
"ok, greetings",greeting
just tell me the time,time
i need you to what's the clock say at 7 am,time
"hey, how is the weather assistant",weather
i need you to play a song tomorrow,play_music
"ok, bye bye please",farewell
would you mind if you start now,open_app
crack a joke,joke
can you what's the weather like,weather
"hey, have a good one",farewell
could you do you know the time,time
"ok, see you later",farewell
"ok, find information about",search_web
"ok, tell me the forecast for 10 minutes",weather
could you farewell tomorrow,farewell
please play a song,play_music
would you mind if you time check,time
would you mind if you do i need an umbrella,weather
could you search the web for tomorrow,search_web
i want to listen to music assistant,play_music
"hey, what's up",greeting
can you search the web for,search_web
can you tell me something funny in london,joke
could you tell me the time on spotify,time
please could you tell me the time now,time
just new alarm,set_alarm
"hey assistant, what is the temperature assistant",weather
would you mind if you google about dogs,search_web
just current time please tomorrow,time
could you launch today,open_app
can you do i need an umbrella,weather
please catch you later,farewell
"ok, what's up",greeting
"hey assistant, hey",greeting
"hey assistant, resume playback tomorrow",play_music
could you current time please for me,time
could you current time please quickly,time
just google about space,search_web
"hey, hiya",greeting
would you mind if you catch you later,farewell
just do you know any jokes right now,joke
"hey, what is the temperature",weather
i need you to what's the weather like quickly,weather
i need you to do you know the time right now,time
"hey, greetings",greeting
can you i'm leaving today,farewell
"hey assistant, can you google",search_web
please crack a joke buddy,joke
would you mind if you search the web for friend,search_web
can you tell me a joke,joke
what is the temperature in new york,weather
"hey assistant, start on spotify",open_app
would you mind if you play some music now,play_music
please good afternoon on spotify,greeting
could you crack a joke in new york,joke
can you i need a laugh right now,joke
just hi friend,greeting
do you know any jokes for me,joke
would you mind if you do you know any jokes,joke
could you say a joke right now,joke
please tell me about,search_web
"hey assistant, add an alarm",set_alarm
is it raining outside,weather
i need you to how are you,greeting
i need you to search for,search_web
can you what's the weather like today,weather
can you launch on spotify,open_app
set a timer about space,set_alarm
can you how is the weather in new york,weather
would you mind if you good morning,greeting
have a good one buddy,farewell
google,search_web
could you crack a joke now,joke
just shuffle my songs,play_music
can you find information about,search_web
"hey assistant, music please",play_music
would you mind if you go to,open_app
new alarm on spotify,set_alarm
"ok, what time is it friend",time
"hey, show me for me",open_app
would you mind if you top of the morning please,greeting
just timer for now,set_alarm
"ok, do i need an umbrella",weather
"hey, tell me a joke for 10 minutes",joke
"hey assistant, say a joke",joke
would you mind if you open up quickly,open_app
would you mind if you peace out,farewell
"ok, what time is it",time
"ok, wake me up on spotify",set_alarm
"hey assistant, show me",open_app
can you what time is it about space,time
set a timer now,set_alarm
"hey assistant, catch you later today",farewell
"ok, play some music quickly",play_music
would you mind if you how are you,greeting
"hey assistant, talk to you soon on youtube",farewell
"hey assistant, resume playback",play_music
hello please,greeting
i need you to good evening,greeting
"hey, remind me",set_alarm
please say a joke,joke
would you mind if you say a joke,joke
add an alarm,set_alarm
"hey, crack a joke",joke
i need you to play some tunes,play_music
who is,search_web
tell me the forecast on spotify,weather
just goodbye,farewell
"ok, farewell",farewell
just set an alarm on youtube,set_alarm
"hey assistant, set an alarm",set_alarm
would you mind if you set an alarm today,set_alarm
can you search the web for in new york,search_web
i need you to what is tomorrow,search_web
please yo assistant,greeting
"hey, what's the weather like",weather
could you search for,search_web
i need you to launch in london,open_app
"hey, play some tunes",play_music
"hey assistant, create a timer today",set_alarm
could you make me laugh today,joke
would you mind if you catch you later in new york,farewell
"hey, music please assistant",play_music
"hey, tell me about",search_web
just put on a playlist in london,play_music
"hey, hello at 7 am",greeting
i need you to remind me,set_alarm
just what is the time right now,time
can you google about space,search_web
i need you to what is the temperature about space,weather
"hey, go to",open_app
just what is the temperature,weather
could you do i need an umbrella,weather
would you mind if you see ya,farewell
"hey assistant, time check",time
i need you to who is at 7 am,search_web
"hey, yo",greeting
please bye bye assistant,farewell
could you go to,open_app
would you mind if you what's the weather like,weather
just search for for 10 minutes,search_web
"hey, tell me about",search_web
please add an alarm for 10 minutes,set_alarm
"hey assistant, search for about dogs",search_web
can you what is,search_web
would you mind if you timer for please,set_alarm
could you tell me the time on youtube,time
"hey assistant, remind me please",set_alarm
would you mind if you do you know any jokes for me,joke
please add an alarm,set_alarm
"hey assistant, resume playback",play_music
i need you to timer for for 10 minutes,set_alarm
"ok, is it raining outside assistant",weather
"ok, yo",greeting
set a timer assistant,set_alarm
could you what is for me,search_web
"hey, who is",search_web
would you mind if you crack a joke,joke
"hey assistant, crack a joke assistant",joke
boot up,open_app
could you open the app for 10 minutes,open_app
just put on a playlist,play_music
"ok, start playing music",play_music
can you who is,search_web
would you mind if you what is the temperature about dogs,weather
could you do you know any jokes,joke
"hey assistant, farewell today",farewell
please farewell for 10 minutes,farewell
would you mind if you set an alarm on spotify,set_alarm
could you tell me the time,time
i need you to i'm leaving right now,farewell
"hey, what's up buddy",greeting
what's up,greeting
please catch you later in london,farewell
please hey about space,greeting
could you start playing music for 10 minutes,play_music
"hey, what is the time",time
can you tell me a joke on youtube,joke
could you goodbye in london,farewell
go to,open_app
could you see ya tomorrow,farewell
"ok, play some tunes tomorrow",play_music
could you gotta go,farewell
please is it sunny please,weather
i need you to add an alarm in new york,set_alarm
"hey, current time please in london",time
please tell me the forecast on youtube,weather
just i want to listen to music at 7 am,play_music
would you mind if you what is the temperature,weather
"ok, i need a laugh",joke
could you what's the weather like about space,weather
would you mind if you tell me the time today,time
"ok, start",open_app
please new alarm,set_alarm
"hey assistant, find information about in london",search_web
would you mind if you make me laugh,joke
would you mind if you i need a laugh about space,joke
just how is the weather right now,weather
could you play a song for 10 minutes,play_music
just find information about,search_web
just music please,play_music
"hey assistant, bye",farewell
"hey, start",open_app
could you open up in london,open_app
"ok, peace out",farewell
just gotta go,farewell
good evening,greeting
can you what's up for me,greeting
please start playing music,play_music
"ok, what's the clock say",time
"hey, talk to you soon",farewell
new alarm,set_alarm
please do i need an umbrella today,weather
"ok, hi there on youtube",greeting
please show me today,open_app
what is the temperature today,weather
"hey, search the web for",search_web
i need you to tell me about about space,search_web
could you what's the weather like about dogs,weather
please what is the temperature,weather
can you search for now,search_web
"hey assistant, gotta go for 10 minutes",farewell
just tell me the time assistant,time
what is the time for 10 minutes,time
just catch you later,farewell
i need you to play some tunes,play_music
"hey assistant, wake me up",set_alarm
i need a laugh about space,joke
just goodbye now,farewell
"ok, good evening",greeting
can you set a timer on spotify,set_alarm
could you open the app,open_app
"hey assistant, is it sunny about space",weather
i need you to who is,search_web
just remind me on spotify,set_alarm
"ok, start",open_app
"hey assistant, top of the morning",greeting
"hey assistant, play some tunes at 7 am",play_music
i need you to resume playback about space,play_music
can you remind me assistant,set_alarm
can you what is in london,search_web
can you crack a joke,joke
can you set an alarm on spotify,set_alarm
timer for at 7 am,set_alarm
i need you to can you google on spotify,search_web
"hey assistant, good evening today",greeting
could you put on a playlist in new york,play_music
would you mind if you what's the clock say now,time
crack a joke please,joke
can you i'm leaving,farewell
i need you to i need a laugh assistant,joke
"hey, go to about dogs",open_app
could you good evening,greeting
"hey assistant, launch",open_app
i need you to what's up today,greeting
search for,search_web
please talk to you soon,farewell
please find information about about dogs,search_web
can you boot up on spotify,open_app
would you mind if you play a song on spotify,play_music
would you mind if you hello,greeting
would you mind if you peace out,farewell
just peace out now,farewell
just what is,search_web
"ok, do you know any jokes",joke
just launch about space,open_app
i need you to search for,search_web
"hey, tell me the time assistant",time
please say a joke,joke
please talk to you soon,farewell
"ok, tell me the time",time
"hey, could you tell me the time",time
i need you to is it raining outside about dogs,weather
just play some music tomorrow,play_music
"ok, what time is it in new york",time
i need you to music please quickly,play_music
can you tell me a joke,joke
i need you to could you tell me the time please,time
i need you to make me laugh,joke
just top of the morning for me,greeting
timer for at 7 am,set_alarm
i need you to what time is it about dogs,time
"ok, good morning on youtube",greeting
can you i'm leaving,farewell
i need you to launch for me,open_app
just open up buddy,open_app
could you open the app friend,open_app
please show me please,open_app
"ok, do you know the time on youtube",time
just hiya now,greeting
go to quickly,open_app
just google,search_web
please see ya in london,farewell
bye for 10 minutes,farewell
just open up,open_app
"hey, start playing music",play_music
hiya,greeting
"ok, good morning for 10 minutes",greeting
just yo about space,greeting
"hey assistant, how are you friend",greeting
"hey, tell me about in london",search_web
"hey, music please on spotify",play_music
please say a joke,joke
could you search for,search_web
crack a joke,joke
"hey assistant, who is",search_web
what's the weather like,weather
can you top of the morning quickly,greeting
"ok, timer for",set_alarm
just tell me the forecast quickly,weather
would you mind if you i want to listen to music,play_music
just start,open_app
would you mind if you set an alarm,set_alarm
could you set a timer,set_alarm
can you could you tell me the time,time
can you set an alarm,set_alarm
would you mind if you what is the time,time
just can you google,search_web
"ok, set an alarm",set_alarm
"hey assistant, see ya",farewell
can you good afternoon tomorrow,greeting
what time is it,time
"ok, good evening",greeting
please can you open for me,open_app
"hey, who is",search_web
would you mind if you go to,open_app
google for me,search_web
please create a timer at 7 am,set_alarm
i need you to good afternoon,greeting
can you what's up,greeting
would you mind if you catch you later,farewell
could you play a song quickly,play_music
please bye bye at 7 am,farewell
i need you to start playing music,play_music
please open up,open_app
"hey, shuffle my songs in new york",play_music
just add an alarm on youtube,set_alarm
just hiya tomorrow,greeting
please play some tunes tomorrow,play_music
"hey, tell me something funny about space",joke
please can you open please,open_app
current time please,time
please is it raining outside right now,weather
"hey, what's the weather like",weather
could you tell me the time for me,time
"hey assistant, search for",search_web
just start playing music at 7 am,play_music
would you mind if you go to,open_app
i need you to find information about,search_web
"ok, time check",time
i need you to crack a joke buddy,joke
"ok, open the app",open_app
just google,search_web
just say a joke for me,joke
is it raining outside now,weather
"hey, bye bye in london",farewell
what is about dogs,search_web
just wake me up at 7 am,set_alarm
tell me the time for 10 minutes,time
